Year;Family_Year;Week;Condition;Dyad;ID1;ID2;Agonistic;Cofeeding;Kleptoparasitism;family_size;dyad_identity;N_sessions;Total_obs_time
2019;FamHT_2019;1;onepiece;Cleo-Genghis;Cleo;Genghis;0;0;0;big;chicks;2;1800
2019;FamHT_2019;1;onepiece;Cleo-Heidi;Cleo;Heidi;0;0;0;big;parent-daughter;2;1800
2019;FamHT_2019;1;onepiece;Cleo-Tom;Cleo;Tom;0;0;0;big;parent-daughter;2;1800
2019;FamHT_2019;1;onepiece;Cleo-Xerxes;Cleo;Xerxes;0;0;0;big;chicks;2;1800
2019;FamHT_2019;1;onepiece;Genghis-Heidi;Genghis;Heidi;0;0;0;big;parent-son;2;1800
2019;FamHT_2019;1;onepiece;Genghis-Tom;Genghis;Tom;0;0;0;big;parent-son;2;1800
2019;FamHT_2019;1;onepiece;Genghis-Xerxes;Genghis;Xerxes;0;0;0;big;chicks;2;1800
2019;FamHT_2019;1;onepiece;Heidi-Tom;Heidi;Tom;1;9;1;big;parents;2;1800
2019;FamHT_2019;1;onepiece;Heidi-Xerxes;Heidi;Xerxes;0;0;0;big;parent-son;2;1800
2019;FamHT_2019;1;onepiece;Tom-Xerxes;Tom;Xerxes;0;0;0;big;parent-son;2;1800
2019;FamJR_2019;1;onepiece;Hamlet-Joey;Hamlet;Joey;0;2;0;big;parent-son;2;1800
2019;FamJR_2019;1;onepiece;Hamlet-Juliet;Hamlet;Juliet;0;0;0;big;chicks;2;1800
2019;FamJR_2019;1;onepiece;Hamlet-Othello;Hamlet;Othello;0;0;0;big;chicks;2;1800
2019;FamJR_2019;1;onepiece;Hamlet-Rocky;Hamlet;Rocky;3;1;0;big;parent-son;2;1800
2019;FamJR_2019;1;onepiece;Joey-Juliet;Joey;Juliet;0;0;0;big;parent-daughter;2;1800
2019;FamJR_2019;1;onepiece;Joey-Othello;Joey;Othello;0;0;0;big;parent-son;2;1800
2019;FamJR_2019;1;onepiece;Joey-Rocky;Joey;Rocky;8;6;1;big;parents;2;1800
2019;FamJR_2019;1;onepiece;Juliet-Othello;Juliet;Othello;0;0;0;big;chicks;2;1800
2019;FamJR_2019;1;onepiece;Juliet-Rocky;Juliet;Rocky;0;0;0;big;parent-daughter;2;1800
2019;FamJR_2019;1;onepiece;Othello-Rocky;Othello;Rocky;0;0;0;big;parent-son;2;1800
2019;FamMA_2019;1;onepiece;Arthus-Martha;Arthus;Martha;1;18;0;small;parents;2;1800
2019;FamMA_2019;1;onepiece;Arthus-Summer;Arthus;Summer;0;0;0;small;parent-daughter;2;1800
2019;FamMA_2019;1;onepiece;Arthus-Winter;Arthus;Winter;0;0;0;small;parent-daughter;2;1800
2019;FamMA_2019;1;onepiece;Martha-Summer;Martha;Summer;0;0;0;small;parent-daughter;2;1800
2019;FamMA_2019;1;onepiece;Martha-Winter;Martha;Winter;0;0;0;small;parent-daughter;2;1800
2019;FamMA_2019;1;onepiece;Summer-Winter;Summer;Winter;0;0;0;small;chicks;2;1800
2019;FamML_2019;1;onepiece;Ganymed-Io;Ganymed;Io;0;0;0;big;chicks;2;1800
2019;FamML_2019;1;onepiece;Ganymed-Kallisto;Ganymed;Kallisto;0;0;0;big;chicks;2;1800
2019;FamML_2019;1;onepiece;Ganymed-Lellan;Ganymed;Lellan;0;0;0;big;parent-daughter;2;1800
2019;FamML_2019;1;onepiece;Ganymed-Matte;Ganymed;Matte;0;0;0;big;parent-daughter;2;1800
2019;FamML_2019;1;onepiece;Io-Kallisto;Io;Kallisto;0;0;0;big;chicks;2;1800
2019;FamML_2019;1;onepiece;Io-Lellan;Io;Lellan;0;0;0;big;parent-daughter;2;1800
2019;FamML_2019;1;onepiece;Io-Matte;Io;Matte;0;0;0;big;parent-daughter;2;1800
2019;FamML_2019;1;onepiece;Kallisto-Lellan;Kallisto;Lellan;0;0;0;big;parent-son;2;1800
2019;FamML_2019;1;onepiece;Kallisto-Matte;Kallisto;Matte;0;0;0;big;parent-son;2;1800
2019;FamML_2019;1;onepiece;Lellan-Matte;Lellan;Matte;3;3;0;big;parents;2;1800
2019;FamMR_2019;1;onepiece;Munia-Rufus;Munia;Rufus;6;1;0;small;parents;1;900
2019;FamMR_2019;1;onepiece;Munia-Toma;Munia;Toma;0;0;0;small;parent-son;1;900
2019;FamMR_2019;1;onepiece;Rufus-Toma;Rufus;Toma;0;0;0;small;parent-son;1;900
2019;FamNG_2019;1;onepiece;George-Hazel;George;Hazel;0;0;0;small;parent-daughter;1;900
2019;FamNG_2019;1;onepiece;George-Hickory;George;Hickory;0;0;0;small;parent-daughter;1;900
2019;FamNG_2019;1;onepiece;George-Nobel;George;Nobel;2;20;0;small;parents;1;900
2019;FamNG_2019;1;onepiece;Hazel-Hickory;Hazel;Hickory;0;0;0;small;chicks;1;900
2019;FamNG_2019;1;onepiece;Hazel-Nobel;Hazel;Nobel;0;0;0;small;parent-daughter;1;900
2019;FamNG_2019;1;onepiece;Hickory-Nobel;Hickory;Nobel;0;2;0;small;parent-daughter;1;900
2020;FamAP_2020;1;onepiece;Aramis-Eragon;Aramis;Eragon;0;0;0;small;parent-son;2;1800
2020;FamAP_2020;1;onepiece;Aramis-Paul;Aramis;Paul;0;13;1;small;parents;2;1800
2020;FamAP_2020;1;onepiece;Aramis-Saphira;Aramis;Saphira;0;0;0;small;parent-son;2;1800
2020;FamAP_2020;1;onepiece;Eragon-Paul;Eragon;Paul;0;0;0;small;parent-son;2;1800
2020;FamAP_2020;1;onepiece;Eragon-Saphira;Eragon;Saphira;0;0;0;small;chicks;2;1800
2020;FamAP_2020;1;onepiece;Paul-Saphira;Paul;Saphira;0;0;0;small;parent-son;2;1800
2020;FamJR_2020;1;onepiece;Ebony-Joey;Ebony;Joey;0;0;0;small;parent-son;2;1800
2020;FamJR_2020;1;onepiece;Ebony-Rocky;Ebony;Rocky;0;0;0;small;parent-son;2;1800
2020;FamJR_2020;1;onepiece;Joey-Rocky;Joey;Rocky;0;0;0;small;parents;2;1800
2020;FamNG_2020;1;onepiece;George-Maple;George;Maple;7;1;0;small;parent-daughter;2;1800
2020;FamNG_2020;1;onepiece;George-Nobel;George;Nobel;3;46;0;small;parents;2;1800
2020;FamNG_2020;1;onepiece;George-Oak;George;Oak;0;0;0;small;parent-son;2;1800
2020;FamNG_2020;1;onepiece;Maple-Nobel;Maple;Nobel;0;6;0;small;parent-daughter;2;1800
2020;FamNG_2020;1;onepiece;Maple-Oak;Maple;Oak;0;0;0;small;chicks;2;1800
2020;FamNG_2020;1;onepiece;Nobel-Oak;Nobel;Oak;0;0;0;small;parent-son;2;1800
2021;FamAP_2021;1;onepiece;Aramis-Earth;Aramis;Earth;0;0;0;big;parent-daughter;2;1800
2021;FamAP_2021;1;onepiece;Aramis-Fire;Aramis;Fire;0;0;0;big;parent-daughter;2;1800
2021;FamAP_2021;1;onepiece;Aramis-Paul;Aramis;Paul;40;38;2;big;parents;2;1800
2021;FamAP_2021;1;onepiece;Aramis-Water;Aramis;Water;0;0;0;big;parent-son;2;1800
2021;FamAP_2021;1;onepiece;Earth-Fire;Earth;Fire;0;0;0;big;chicks;2;1800
2021;FamAP_2021;1;onepiece;Earth-Paul;Earth;Paul;0;0;0;big;parent-daughter;2;1800
2021;FamAP_2021;1;onepiece;Earth-Water;Earth;Water;0;0;0;big;chicks;2;1800
2021;FamAP_2021;1;onepiece;Fire-Paul;Fire;Paul;0;0;0;big;parent-daughter;2;1800
2021;FamAP_2021;1;onepiece;Fire-Water;Fire;Water;0;0;0;big;chicks;2;1800
2021;FamAP_2021;1;onepiece;Paul-Water;Paul;Water;0;0;0;big;parent-son;2;1800
2021;FamBM_2021;1;onepiece;Bobby-Cobain;Bobby;Cobain;0;0;0;small;parent-son;3;2700
2021;FamBM_2021;1;onepiece;Bobby-Hendrix;Bobby;Hendrix;0;0;0;small;parent-son;3;2700
2021;FamBM_2021;1;onepiece;Bobby-Moritz;Bobby;Moritz;0;7;2;small;parents;3;2700
2021;FamBM_2021;1;onepiece;Cobain-Hendrix;Cobain;Hendrix;0;0;0;small;chicks;3;2700
2021;FamBM_2021;1;onepiece;Cobain-Moritz;Cobain;Moritz;0;0;0;small;parent-son;3;2700
2021;FamBM_2021;1;onepiece;Hendrix-Moritz;Hendrix;Moritz;0;0;0;small;parent-son;3;2700
2021;FamMR_2021;1;onepiece;Auguste-Garance;Auguste;Garance;0;0;0;big;chicks;2;1800
2021;FamMR_2021;1;onepiece;Auguste-Hippolyte;Auguste;Hippolyte;0;0;0;big;chicks;2;1800
2021;FamMR_2021;1;onepiece;Auguste-Munia;Auguste;Munia;0;0;0;big;parent-daughter;2;1800
2021;FamMR_2021;1;onepiece;Auguste-Rufus;Auguste;Rufus;0;0;0;big;parent-daughter;2;1800
2021;FamMR_2021;1;onepiece;Garance-Hippolyte;Garance;Hippolyte;0;0;0;big;chicks;2;1800
2021;FamMR_2021;1;onepiece;Garance-Munia;Garance;Munia;0;0;0;big;parent-son;2;1800
2021;FamMR_2021;1;onepiece;Garance-Rufus;Garance;Rufus;0;0;0;big;parent-son;2;1800
2021;FamMR_2021;1;onepiece;Hippolyte-Munia;Hippolyte;Munia;0;0;0;big;parent-son;2;1800
2021;FamMR_2021;1;onepiece;Hippolyte-Rufus;Hippolyte;Rufus;0;0;0;big;parent-son;2;1800
2021;FamMR_2021;1;onepiece;Munia-Rufus;Munia;Rufus;10;10;2;big;parents;2;1800
2019;FamHT_2019;2;onepiece;Cleo-Genghis;Cleo;Genghis;0;0;0;big;chicks;2;1800
2019;FamHT_2019;2;onepiece;Cleo-Heidi;Cleo;Heidi;0;0;0;big;parent-daughter;2;1800
2019;FamHT_2019;2;onepiece;Cleo-Tom;Cleo;Tom;2;0;1;big;parent-daughter;2;1800
2019;FamHT_2019;2;onepiece;Cleo-Xerxes;Cleo;Xerxes;0;0;0;big;chicks;2;1800
2019;FamHT_2019;2;onepiece;Genghis-Heidi;Genghis;Heidi;1;0;0;big;parent-son;2;1800
2019;FamHT_2019;2;onepiece;Genghis-Tom;Genghis;Tom;0;0;0;big;parent-son;2;1800
2019;FamHT_2019;2;onepiece;Genghis-Xerxes;Genghis;Xerxes;0;0;0;big;chicks;2;1800
2019;FamHT_2019;2;onepiece;Heidi-Tom;Heidi;Tom;0;3;0;big;parents;2;1800
2019;FamHT_2019;2;onepiece;Heidi-Xerxes;Heidi;Xerxes;1;1;0;big;parent-son;2;1800
2019;FamHT_2019;2;onepiece;Tom-Xerxes;Tom;Xerxes;0;1;0;big;parent-son;2;1800
2019;FamJR_2019;2;onepiece;Hamlet-Joey;Hamlet;Joey;0;4;0;big;parent-son;2;1800
2019;FamJR_2019;2;onepiece;Hamlet-Juliet;Hamlet;Juliet;0;0;0;big;chicks;2;1800
2019;FamJR_2019;2;onepiece;Hamlet-Othello;Hamlet;Othello;0;0;0;big;chicks;2;1800
2019;FamJR_2019;2;onepiece;Hamlet-Rocky;Hamlet;Rocky;0;0;0;big;parent-son;2;1800
2019;FamJR_2019;2;onepiece;Joey-Juliet;Joey;Juliet;0;0;0;big;parent-daughter;2;1800
2019;FamJR_2019;2;onepiece;Joey-Othello;Joey;Othello;1;3;0;big;parent-son;2;1800
2019;FamJR_2019;2;onepiece;Joey-Rocky;Joey;Rocky;1;0;0;big;parents;2;1800
2019;FamJR_2019;2;onepiece;Juliet-Othello;Juliet;Othello;0;0;0;big;chicks;2;1800
2019;FamJR_2019;2;onepiece;Juliet-Rocky;Juliet;Rocky;0;0;0;big;parent-daughter;2;1800
2019;FamJR_2019;2;onepiece;Othello-Rocky;Othello;Rocky;0;0;0;big;parent-son;2;1800
2019;FamMA_2019;2;onepiece;Arthus-Martha;Arthus;Martha;2;5;0;small;parents;2;1800
2019;FamMA_2019;2;onepiece;Arthus-Summer;Arthus;Summer;7;0;0;small;parent-daughter;2;1800
2019;FamMA_2019;2;onepiece;Arthus-Winter;Arthus;Winter;5;2;0;small;parent-daughter;2;1800
2019;FamMA_2019;2;onepiece;Martha-Summer;Martha;Summer;0;1;1;small;parent-daughter;2;1800
2019;FamMA_2019;2;onepiece;Martha-Winter;Martha;Winter;0;1;3;small;parent-daughter;2;1800
2019;FamMA_2019;2;onepiece;Summer-Winter;Summer;Winter;0;0;0;small;chicks;2;1800
2019;FamML_2019;2;onepiece;Ganymed-Io;Ganymed;Io;0;0;0;big;chicks;2;1800
2019;FamML_2019;2;onepiece;Ganymed-Kallisto;Ganymed;Kallisto;0;0;0;big;chicks;2;1800
2019;FamML_2019;2;onepiece;Ganymed-Lellan;Ganymed;Lellan;0;0;0;big;parent-daughter;2;1800
2019;FamML_2019;2;onepiece;Ganymed-Matte;Ganymed;Matte;1;0;0;big;parent-daughter;2;1800
2019;FamML_2019;2;onepiece;Io-Kallisto;Io;Kallisto;0;0;0;big;chicks;2;1800
2019;FamML_2019;2;onepiece;Io-Lellan;Io;Lellan;0;0;0;big;parent-daughter;2;1800
2019;FamML_2019;2;onepiece;Io-Matte;Io;Matte;1;0;2;big;parent-daughter;2;1800
2019;FamML_2019;2;onepiece;Kallisto-Lellan;Kallisto;Lellan;0;0;0;big;parent-son;2;1800
2019;FamML_2019;2;onepiece;Kallisto-Matte;Kallisto;Matte;3;0;0;big;parent-son;2;1800
2019;FamML_2019;2;onepiece;Lellan-Matte;Lellan;Matte;16;5;2;big;parents;2;1800
2019;FamMR_2019;2;onepiece;Munia-Rufus;Munia;Rufus;3;1;0;small;parents;2;1800
2019;FamMR_2019;2;onepiece;Munia-Toma;Munia;Toma;6;0;1;small;parent-son;2;1800
2019;FamMR_2019;2;onepiece;Rufus-Toma;Rufus;Toma;0;3;1;small;parent-son;2;1800
2019;FamNG_2019;2;onepiece;George-Hazel;George;Hazel;1;8;0;small;parent-daughter;2;1800
2019;FamNG_2019;2;onepiece;George-Hickory;George;Hickory;3;7;0;small;parent-daughter;2;1800
2019;FamNG_2019;2;onepiece;George-Nobel;George;Nobel;1;35;0;small;parents;2;1800
2019;FamNG_2019;2;onepiece;Hazel-Hickory;Hazel;Hickory;0;13;4;small;chicks;2;1800
2019;FamNG_2019;2;onepiece;Hazel-Nobel;Hazel;Nobel;0;37;0;small;parent-daughter;2;1800
2019;FamNG_2019;2;onepiece;Hickory-Nobel;Hickory;Nobel;1;20;0;small;parent-daughter;2;1800
2020;FamAP_2020;2;onepiece;Aramis-Eragon;Aramis;Eragon;0;0;0;small;parent-son;2;1800
2020;FamAP_2020;2;onepiece;Aramis-Paul;Aramis;Paul;0;1;0;small;parents;2;1800
2020;FamAP_2020;2;onepiece;Aramis-Saphira;Aramis;Saphira;0;0;0;small;parent-son;2;1800
2020;FamAP_2020;2;onepiece;Eragon-Paul;Eragon;Paul;0;0;0;small;parent-son;2;1800
2020;FamAP_2020;2;onepiece;Eragon-Saphira;Eragon;Saphira;0;0;0;small;chicks;2;1800
2020;FamAP_2020;2;onepiece;Paul-Saphira;Paul;Saphira;0;0;0;small;parent-son;2;1800
2020;FamHT_2020;2;onepiece;Heidi-Tango;Heidi;Tango;2;2;0;small;parent-daughter;2;1800
2020;FamHT_2020;2;onepiece;Heidi-Tom;Heidi;Tom;0;5;0;small;parents;2;1800
2020;FamHT_2020;2;onepiece;Tango-Tom;Tango;Tom;3;7;2;small;parent-daughter;2;1800
2020;FamJR_2020;2;onepiece;Ebony-Joey;Ebony;Joey;1;2;0;small;parent-son;2;1800
2020;FamJR_2020;2;onepiece;Ebony-Rocky;Ebony;Rocky;6;0;0;small;parent-son;2;1800
2020;FamJR_2020;2;onepiece;Joey-Rocky;Joey;Rocky;0;0;0;small;parents;2;1800
2020;FamMA_2020;2;onepiece;Arthus-Cirrus;Arthus;Cirrus;8;0;0;big;parent-daughter;2;1800
2020;FamMA_2020;2;onepiece;Arthus-Cumulus;Arthus;Cumulus;3;0;0;big;parent-son;2;1800
2020;FamMA_2020;2;onepiece;Arthus-Martha;Arthus;Martha;3;6;0;big;parents;2;1800
2020;FamMA_2020;2;onepiece;Arthus-Nimbus;Arthus;Nimbus;4;0;0;big;parent-son;2;1800
2020;FamMA_2020;2;onepiece;Cirrus-Cumulus;Cirrus;Cumulus;0;0;0;big;chicks;2;1800
2020;FamMA_2020;2;onepiece;Cirrus-Martha;Cirrus;Martha;0;0;0;big;parent-daughter;2;1800
2020;FamMA_2020;2;onepiece;Cirrus-Nimbus;Cirrus;Nimbus;0;0;0;big;chicks;2;1800
2020;FamMA_2020;2;onepiece;Cumulus-Martha;Cumulus;Martha;1;0;0;big;parent-son;2;1800
2020;FamMA_2020;2;onepiece;Cumulus-Nimbus;Cumulus;Nimbus;0;0;0;big;chicks;2;1800
2020;FamMA_2020;2;onepiece;Martha-Nimbus;Martha;Nimbus;0;0;0;big;parent-son;2;1800
2020;FamMR_2020;2;onepiece;Asakusa-Ginza;Asakusa;Ginza;0;0;0;big;chicks;2;1800
2020;FamMR_2020;2;onepiece;Asakusa-Munia;Asakusa;Munia;0;0;0;big;parent-son;2;1800
2020;FamMR_2020;2;onepiece;Asakusa-Rufus;Asakusa;Rufus;0;0;0;big;parent-son;2;1800
2020;FamMR_2020;2;onepiece;Asakusa-Shiba;Asakusa;Shiba;0;0;0;big;chicks;2;1800
2020;FamMR_2020;2;onepiece;Asakusa-Ueno;Asakusa;Ueno;0;0;0;big;chicks;2;1800
2020;FamMR_2020;2;onepiece;Ginza-Munia;Ginza;Munia;2;14;3;big;parent-son;2;1800
2020;FamMR_2020;2;onepiece;Ginza-Rufus;Ginza;Rufus;0;2;0;big;parent-son;2;1800
2020;FamMR_2020;2;onepiece;Ginza-Shiba;Ginza;Shiba;12;6;0;big;chicks;2;1800
2020;FamMR_2020;2;onepiece;Ginza-Ueno;Ginza;Ueno;0;4;0;big;chicks;2;1800
2020;FamMR_2020;2;onepiece;Munia-Rufus;Munia;Rufus;0;0;0;big;parents;2;1800
2020;FamMR_2020;2;onepiece;Munia-Shiba;Munia;Shiba;0;1;0;big;parent-daughter;2;1800
2020;FamMR_2020;2;onepiece;Munia-Ueno;Munia;Ueno;0;0;0;big;parent-son;2;1800
2020;FamMR_2020;2;onepiece;Rufus-Shiba;Rufus;Shiba;0;0;0;big;parent-daughter;2;1800
2020;FamMR_2020;2;onepiece;Rufus-Ueno;Rufus;Ueno;0;0;0;big;parent-son;2;1800
2020;FamMR_2020;2;onepiece;Shiba-Ueno;Shiba;Ueno;3;0;1;big;chicks;2;1800
2020;FamNG_2020;2;onepiece;George-Maple;George;Maple;6;18;1;small;parent-daughter;2;1800
2020;FamNG_2020;2;onepiece;George-Nobel;George;Nobel;1;4;0;small;parents;2;1800
2020;FamNG_2020;2;onepiece;George-Oak;George;Oak;1;1;0;small;parent-son;2;1800
2020;FamNG_2020;2;onepiece;Maple-Nobel;Maple;Nobel;0;9;1;small;parent-daughter;2;1800
2020;FamNG_2020;2;onepiece;Maple-Oak;Maple;Oak;0;2;0;small;chicks;2;1800
2020;FamNG_2020;2;onepiece;Nobel-Oak;Nobel;Oak;0;2;0;small;parent-son;2;1800
2021;FamAP_2021;2;onepiece;Aramis-Earth;Aramis;Earth;19;0;0;big;parent-daughter;2;1800
2021;FamAP_2021;2;onepiece;Aramis-Fire;Aramis;Fire;3;0;1;big;parent-daughter;2;1800
2021;FamAP_2021;2;onepiece;Aramis-Paul;Aramis;Paul;39;12;3;big;parents;2;1800
2021;FamAP_2021;2;onepiece;Aramis-Water;Aramis;Water;4;0;2;big;parent-son;2;1800
2021;FamAP_2021;2;onepiece;Earth-Fire;Earth;Fire;0;0;0;big;chicks;2;1800
2021;FamAP_2021;2;onepiece;Earth-Paul;Earth;Paul;9;0;0;big;parent-daughter;2;1800
2021;FamAP_2021;2;onepiece;Earth-Water;Earth;Water;0;0;0;big;chicks;2;1800
2021;FamAP_2021;2;onepiece;Fire-Paul;Fire;Paul;6;0;1;big;parent-daughter;2;1800
2021;FamAP_2021;2;onepiece;Fire-Water;Fire;Water;0;0;2;big;chicks;2;1800
2021;FamAP_2021;2;onepiece;Paul-Water;Paul;Water;18;0;5;big;parent-son;2;1800
2021;FamBM_2021;2;onepiece;Bobby-Cobain;Bobby;Cobain;0;0;0;small;parent-son;2;1800
2021;FamBM_2021;2;onepiece;Bobby-Hendrix;Bobby;Hendrix;0;0;0;small;parent-son;2;1800
2021;FamBM_2021;2;onepiece;Bobby-Moritz;Bobby;Moritz;2;4;1;small;parents;2;1800
2021;FamBM_2021;2;onepiece;Cobain-Hendrix;Cobain;Hendrix;0;0;0;small;chicks;2;1800
2021;FamBM_2021;2;onepiece;Cobain-Moritz;Cobain;Moritz;0;0;0;small;parent-son;2;1800
2021;FamBM_2021;2;onepiece;Hendrix-Moritz;Hendrix;Moritz;0;0;0;small;parent-son;2;1800
2021;FamMR_2021;2;onepiece;Auguste-Garance;Auguste;Garance;0;0;0;big;chicks;2;1800
2021;FamMR_2021;2;onepiece;Auguste-Hippolyte;Auguste;Hippolyte;0;0;0;big;chicks;2;1800
2021;FamMR_2021;2;onepiece;Auguste-Munia;Auguste;Munia;0;0;0;big;parent-daughter;2;1800
2021;FamMR_2021;2;onepiece;Auguste-Rufus;Auguste;Rufus;0;0;0;big;parent-daughter;2;1800
2021;FamMR_2021;2;onepiece;Garance-Hippolyte;Garance;Hippolyte;0;0;0;big;chicks;2;1800
2021;FamMR_2021;2;onepiece;Garance-Munia;Garance;Munia;0;0;0;big;parent-son;2;1800
2021;FamMR_2021;2;onepiece;Garance-Rufus;Garance;Rufus;0;0;0;big;parent-son;2;1800
2021;FamMR_2021;2;onepiece;Hippolyte-Munia;Hippolyte;Munia;0;0;0;big;parent-son;2;1800
2021;FamMR_2021;2;onepiece;Hippolyte-Rufus;Hippolyte;Rufus;0;0;0;big;parent-son;2;1800
2021;FamMR_2021;2;onepiece;Munia-Rufus;Munia;Rufus;4;3;2;big;parents;2;1800
2019;FamHT_2019;3;onepiece;Cleo-Genghis;Cleo;Genghis;0;0;0;big;chicks;1;900
2019;FamHT_2019;3;onepiece;Cleo-Heidi;Cleo;Heidi;0;0;0;big;parent-daughter;1;900
2019;FamHT_2019;3;onepiece;Cleo-Tom;Cleo;Tom;8;1;1;big;parent-daughter;1;900
2019;FamHT_2019;3;onepiece;Cleo-Xerxes;Cleo;Xerxes;0;0;0;big;chicks;1;900
2019;FamHT_2019;3;onepiece;Genghis-Heidi;Genghis;Heidi;7;0;2;big;parent-son;1;900
2019;FamHT_2019;3;onepiece;Genghis-Tom;Genghis;Tom;6;0;4;big;parent-son;1;900
2019;FamHT_2019;3;onepiece;Genghis-Xerxes;Genghis;Xerxes;0;1;3;big;chicks;1;900
2019;FamHT_2019;3;onepiece;Heidi-Tom;Heidi;Tom;0;3;0;big;parents;1;900
2019;FamHT_2019;3;onepiece;Heidi-Xerxes;Heidi;Xerxes;0;0;1;big;parent-son;1;900
2019;FamHT_2019;3;onepiece;Tom-Xerxes;Tom;Xerxes;1;0;0;big;parent-son;1;900
2019;FamJR_2019;3;onepiece;Hamlet-Joey;Hamlet;Joey;8;12;1;big;parent-son;2;1800
2019;FamJR_2019;3;onepiece;Hamlet-Juliet;Hamlet;Juliet;0;0;0;big;chicks;2;1800
2019;FamJR_2019;3;onepiece;Hamlet-Othello;Hamlet;Othello;0;1;0;big;chicks;2;1800
2019;FamJR_2019;3;onepiece;Hamlet-Rocky;Hamlet;Rocky;1;1;0;big;parent-son;2;1800
2019;FamJR_2019;3;onepiece;Joey-Juliet;Joey;Juliet;0;0;0;big;parent-daughter;2;1800
2019;FamJR_2019;3;onepiece;Joey-Othello;Joey;Othello;0;1;0;big;parent-son;2;1800
2019;FamJR_2019;3;onepiece;Joey-Rocky;Joey;Rocky;0;1;1;big;parents;2;1800
2019;FamJR_2019;3;onepiece;Juliet-Othello;Juliet;Othello;0;0;0;big;chicks;2;1800
2019;FamJR_2019;3;onepiece;Juliet-Rocky;Juliet;Rocky;4;0;0;big;parent-daughter;2;1800
2019;FamJR_2019;3;onepiece;Othello-Rocky;Othello;Rocky;6;0;0;big;parent-son;2;1800
2019;FamMA_2019;3;onepiece;Arthus-Martha;Arthus;Martha;0;0;0;small;parents;2;1800
2019;FamMA_2019;3;onepiece;Arthus-Summer;Arthus;Summer;3;0;0;small;parent-daughter;2;1800
2019;FamMA_2019;3;onepiece;Arthus-Winter;Arthus;Winter;1;0;0;small;parent-daughter;2;1800
2019;FamMA_2019;3;onepiece;Martha-Summer;Martha;Summer;1;3;0;small;parent-daughter;2;1800
2019;FamMA_2019;3;onepiece;Martha-Winter;Martha;Winter;0;2;0;small;parent-daughter;2;1800
2019;FamMA_2019;3;onepiece;Summer-Winter;Summer;Winter;1;0;1;small;chicks;2;1800
2019;FamML_2019;3;onepiece;Ganymed-Io;Ganymed;Io;0;0;0;big;chicks;2;1800
2019;FamML_2019;3;onepiece;Ganymed-Kallisto;Ganymed;Kallisto;0;0;0;big;chicks;2;1800
2019;FamML_2019;3;onepiece;Ganymed-Lellan;Ganymed;Lellan;0;0;0;big;parent-daughter;2;1800
2019;FamML_2019;3;onepiece;Ganymed-Matte;Ganymed;Matte;4;0;1;big;parent-daughter;2;1800
2019;FamML_2019;3;onepiece;Io-Kallisto;Io;Kallisto;0;0;0;big;chicks;2;1800
2019;FamML_2019;3;onepiece;Io-Lellan;Io;Lellan;0;0;0;big;parent-daughter;2;1800
2019;FamML_2019;3;onepiece;Io-Matte;Io;Matte;3;0;0;big;parent-daughter;2;1800
2019;FamML_2019;3;onepiece;Kallisto-Lellan;Kallisto;Lellan;0;0;0;big;parent-son;2;1800
2019;FamML_2019;3;onepiece;Kallisto-Matte;Kallisto;Matte;3;0;1;big;parent-son;2;1800
2019;FamML_2019;3;onepiece;Lellan-Matte;Lellan;Matte;5;1;1;big;parents;2;1800
2019;FamMR_2019;3;onepiece;Munia-Rufus;Munia;Rufus;0;0;0;small;parents;2;1800
2019;FamMR_2019;3;onepiece;Munia-Toma;Munia;Toma;0;4;2;small;parent-son;2;1800
2019;FamMR_2019;3;onepiece;Rufus-Toma;Rufus;Toma;9;10;6;small;parent-son;2;1800
2019;FamNG_2019;3;onepiece;George-Hazel;George;Hazel;18;14;1;small;parent-daughter;2;1800
2019;FamNG_2019;3;onepiece;George-Hickory;George;Hickory;6;11;1;small;parent-daughter;2;1800
2019;FamNG_2019;3;onepiece;George-Nobel;George;Nobel;4;20;0;small;parents;2;1800
2019;FamNG_2019;3;onepiece;Hazel-Hickory;Hazel;Hickory;3;16;2;small;chicks;2;1800
2019;FamNG_2019;3;onepiece;Hazel-Nobel;Hazel;Nobel;0;21;0;small;parent-daughter;2;1800
2019;FamNG_2019;3;onepiece;Hickory-Nobel;Hickory;Nobel;0;21;2;small;parent-daughter;2;1800
2020;FamAP_2020;3;onepiece;Aramis-Eragon;Aramis;Eragon;0;0;0;small;parent-son;2;1800
2020;FamAP_2020;3;onepiece;Aramis-Paul;Aramis;Paul;0;2;0;small;parents;2;1800
2020;FamAP_2020;3;onepiece;Aramis-Saphira;Aramis;Saphira;0;0;0;small;parent-son;2;1800
2020;FamAP_2020;3;onepiece;Eragon-Paul;Eragon;Paul;0;0;0;small;parent-son;2;1800
2020;FamAP_2020;3;onepiece;Eragon-Saphira;Eragon;Saphira;0;0;0;small;chicks;2;1800
2020;FamAP_2020;3;onepiece;Paul-Saphira;Paul;Saphira;0;0;0;small;parent-son;2;1800
2020;FamHT_2020;3;onepiece;Heidi-Tango;Heidi;Tango;1;0;0;small;parent-daughter;2;1800
2020;FamHT_2020;3;onepiece;Heidi-Tom;Heidi;Tom;0;8;0;small;parents;2;1800
2020;FamHT_2020;3;onepiece;Tango-Tom;Tango;Tom;6;1;0;small;parent-daughter;2;1800
2020;FamJR_2020;3;onepiece;Ebony-Joey;Ebony;Joey;5;5;1;small;parent-son;2;1800
2020;FamJR_2020;3;onepiece;Ebony-Rocky;Ebony;Rocky;9;1;0;small;parent-son;2;1800
2020;FamJR_2020;3;onepiece;Joey-Rocky;Joey;Rocky;0;0;0;small;parents;2;1800
2020;FamMA_2020;3;onepiece;Arthus-Cirrus;Arthus;Cirrus;12;0;1;big;parent-daughter;2;1800
2020;FamMA_2020;3;onepiece;Arthus-Cumulus;Arthus;Cumulus;9;0;0;big;parent-son;2;1800
2020;FamMA_2020;3;onepiece;Arthus-Martha;Arthus;Martha;6;2;0;big;parents;2;1800
2020;FamMA_2020;3;onepiece;Arthus-Nimbus;Arthus;Nimbus;10;0;0;big;parent-son;2;1800
2020;FamMA_2020;3;onepiece;Cirrus-Cumulus;Cirrus;Cumulus;0;0;0;big;chicks;2;1800
2020;FamMA_2020;3;onepiece;Cirrus-Martha;Cirrus;Martha;4;0;0;big;parent-daughter;2;1800
2020;FamMA_2020;3;onepiece;Cirrus-Nimbus;Cirrus;Nimbus;1;0;0;big;chicks;2;1800
2020;FamMA_2020;3;onepiece;Cumulus-Martha;Cumulus;Martha;1;0;0;big;parent-son;2;1800
2020;FamMA_2020;3;onepiece;Cumulus-Nimbus;Cumulus;Nimbus;0;0;0;big;chicks;2;1800
2020;FamMA_2020;3;onepiece;Martha-Nimbus;Martha;Nimbus;0;0;0;big;parent-son;2;1800
2020;FamMR_2020;3;onepiece;Asakusa-Ginza;Asakusa;Ginza;1;1;2;big;chicks;2;1800
2020;FamMR_2020;3;onepiece;Asakusa-Munia;Asakusa;Munia;9;1;0;big;parent-son;2;1800
2020;FamMR_2020;3;onepiece;Asakusa-Rufus;Asakusa;Rufus;3;1;0;big;parent-son;2;1800
2020;FamMR_2020;3;onepiece;Asakusa-Shiba;Asakusa;Shiba;1;0;0;big;chicks;2;1800
2020;FamMR_2020;3;onepiece;Asakusa-Ueno;Asakusa;Ueno;2;0;0;big;chicks;2;1800
2020;FamMR_2020;3;onepiece;Ginza-Munia;Ginza;Munia;3;1;4;big;parent-son;2;1800
2020;FamMR_2020;3;onepiece;Ginza-Rufus;Ginza;Rufus;35;3;2;big;parent-son;2;1800
2020;FamMR_2020;3;onepiece;Ginza-Shiba;Ginza;Shiba;3;0;0;big;chicks;2;1800
2020;FamMR_2020;3;onepiece;Ginza-Ueno;Ginza;Ueno;10;0;2;big;chicks;2;1800
2020;FamMR_2020;3;onepiece;Munia-Rufus;Munia;Rufus;4;1;0;big;parents;2;1800
2020;FamMR_2020;3;onepiece;Munia-Shiba;Munia;Shiba;1;0;1;big;parent-daughter;2;1800
2020;FamMR_2020;3;onepiece;Munia-Ueno;Munia;Ueno;1;0;3;big;parent-son;2;1800
2020;FamMR_2020;3;onepiece;Rufus-Shiba;Rufus;Shiba;3;0;0;big;parent-daughter;2;1800
2020;FamMR_2020;3;onepiece;Rufus-Ueno;Rufus;Ueno;0;0;0;big;parent-son;2;1800
2020;FamMR_2020;3;onepiece;Shiba-Ueno;Shiba;Ueno;0;0;2;big;chicks;2;1800
2020;FamNG_2020;3;onepiece;George-Maple;George;Maple;1;10;0;small;parent-daughter;2;1800
2020;FamNG_2020;3;onepiece;George-Nobel;George;Nobel;0;6;0;small;parents;2;1800
2020;FamNG_2020;3;onepiece;George-Oak;George;Oak;0;6;0;small;parent-son;2;1800
2020;FamNG_2020;3;onepiece;Maple-Nobel;Maple;Nobel;5;32;3;small;parent-daughter;2;1800
2020;FamNG_2020;3;onepiece;Maple-Oak;Maple;Oak;2;21;0;small;chicks;2;1800
2020;FamNG_2020;3;onepiece;Nobel-Oak;Nobel;Oak;0;32;0;small;parent-son;2;1800
2021;FamAP_2021;3;onepiece;Aramis-Earth;Aramis;Earth;0;0;0;big;parent-daughter;2;1800
2021;FamAP_2021;3;onepiece;Aramis-Fire;Aramis;Fire;8;0;0;big;parent-daughter;2;1800
2021;FamAP_2021;3;onepiece;Aramis-Paul;Aramis;Paul;1;1;0;big;parents;2;1800
2021;FamAP_2021;3;onepiece;Aramis-Water;Aramis;Water;5;0;0;big;parent-son;2;1800
2021;FamAP_2021;3;onepiece;Earth-Fire;Earth;Fire;0;3;0;big;chicks;2;1800
2021;FamAP_2021;3;onepiece;Earth-Paul;Earth;Paul;0;0;0;big;parent-daughter;2;1800
2021;FamAP_2021;3;onepiece;Earth-Water;Earth;Water;0;3;0;big;chicks;2;1800
2021;FamAP_2021;3;onepiece;Fire-Paul;Fire;Paul;3;0;0;big;parent-daughter;2;1800
2021;FamAP_2021;3;onepiece;Fire-Water;Fire;Water;1;24;1;big;chicks;2;1800
2021;FamAP_2021;3;onepiece;Paul-Water;Paul;Water;2;0;0;big;parent-son;2;1800
2021;FamBM_2021;3;onepiece;Bobby-Cobain;Bobby;Cobain;3;1;0;small;parent-son;2;1800
2021;FamBM_2021;3;onepiece;Bobby-Hendrix;Bobby;Hendrix;2;0;0;small;parent-son;2;1800
2021;FamBM_2021;3;onepiece;Bobby-Moritz;Bobby;Moritz;2;7;0;small;parents;2;1800
2021;FamBM_2021;3;onepiece;Cobain-Hendrix;Cobain;Hendrix;0;0;0;small;chicks;2;1800
2021;FamBM_2021;3;onepiece;Cobain-Moritz;Cobain;Moritz;0;0;0;small;parent-son;2;1800
2021;FamBM_2021;3;onepiece;Hendrix-Moritz;Hendrix;Moritz;0;0;0;small;parent-son;2;1800
2021;FamMR_2021;3;onepiece;Auguste-Garance;Auguste;Garance;8;0;1;big;chicks;2;1800
2021;FamMR_2021;3;onepiece;Auguste-Hippolyte;Auguste;Hippolyte;1;0;0;big;chicks;2;1800
2021;FamMR_2021;3;onepiece;Auguste-Munia;Auguste;Munia;0;1;0;big;parent-daughter;2;1800
2021;FamMR_2021;3;onepiece;Auguste-Rufus;Auguste;Rufus;2;0;0;big;parent-daughter;2;1800
2021;FamMR_2021;3;onepiece;Garance-Hippolyte;Garance;Hippolyte;0;1;5;big;chicks;2;1800
2021;FamMR_2021;3;onepiece;Garance-Munia;Garance;Munia;0;5;0;big;parent-son;2;1800
2021;FamMR_2021;3;onepiece;Garance-Rufus;Garance;Rufus;0;0;0;big;parent-son;2;1800
2021;FamMR_2021;3;onepiece;Hippolyte-Munia;Hippolyte;Munia;6;3;2;big;parent-son;2;1800
2021;FamMR_2021;3;onepiece;Hippolyte-Rufus;Hippolyte;Rufus;3;5;0;big;parent-son;2;1800
2021;FamMR_2021;3;onepiece;Munia-Rufus;Munia;Rufus;4;2;0;big;parents;2;1800
2019;FamHT_2019;1;scramble;Cleo-Genghis;Cleo;Genghis;0;0;0;big;chicks;4;3600
2019;FamHT_2019;1;scramble;Cleo-Heidi;Cleo;Heidi;0;0;0;big;parent-daughter;4;3600
2019;FamHT_2019;1;scramble;Cleo-Tom;Cleo;Tom;0;0;0;big;parent-daughter;4;3600
2019;FamHT_2019;1;scramble;Cleo-Xerxes;Cleo;Xerxes;0;0;0;big;chicks;4;3600
2019;FamHT_2019;1;scramble;Genghis-Heidi;Genghis;Heidi;0;0;0;big;parent-son;4;3600
2019;FamHT_2019;1;scramble;Genghis-Tom;Genghis;Tom;0;0;0;big;parent-son;4;3600
2019;FamHT_2019;1;scramble;Genghis-Xerxes;Genghis;Xerxes;0;0;0;big;chicks;4;3600
2019;FamHT_2019;1;scramble;Heidi-Tom;Heidi;Tom;0;1;0;big;parents;4;3600
2019;FamHT_2019;1;scramble;Heidi-Xerxes;Heidi;Xerxes;0;0;0;big;parent-son;4;3600
2019;FamHT_2019;1;scramble;Tom-Xerxes;Tom;Xerxes;0;0;0;big;parent-son;4;3600
2019;FamJR_2019;1;scramble;Hamlet-Joey;Hamlet;Joey;0;0;0;big;parent-son;4;3600
2019;FamJR_2019;1;scramble;Hamlet-Juliet;Hamlet;Juliet;0;1;1;big;chicks;4;3600
2019;FamJR_2019;1;scramble;Hamlet-Othello;Hamlet;Othello;0;8;0;big;chicks;4;3600
2019;FamJR_2019;1;scramble;Hamlet-Rocky;Hamlet;Rocky;4;1;0;big;parent-son;4;3600
2019;FamJR_2019;1;scramble;Joey-Juliet;Joey;Juliet;0;0;0;big;parent-daughter;4;3600
2019;FamJR_2019;1;scramble;Joey-Othello;Joey;Othello;0;0;0;big;parent-son;4;3600
2019;FamJR_2019;1;scramble;Joey-Rocky;Joey;Rocky;1;6;0;big;parents;4;3600
2019;FamJR_2019;1;scramble;Juliet-Othello;Juliet;Othello;0;0;0;big;chicks;4;3600
2019;FamJR_2019;1;scramble;Juliet-Rocky;Juliet;Rocky;1;0;0;big;parent-daughter;4;3600
2019;FamJR_2019;1;scramble;Othello-Rocky;Othello;Rocky;0;1;0;big;parent-son;4;3600
2019;FamMA_2019;1;scramble;Arthus-Martha;Arthus;Martha;1;6;1;small;parents;4;3600
2019;FamMA_2019;1;scramble;Arthus-Summer;Arthus;Summer;0;0;0;small;parent-daughter;4;3600
2019;FamMA_2019;1;scramble;Arthus-Winter;Arthus;Winter;0;0;0;small;parent-daughter;4;3600
2019;FamMA_2019;1;scramble;Martha-Summer;Martha;Summer;0;0;0;small;parent-daughter;4;3600
2019;FamMA_2019;1;scramble;Martha-Winter;Martha;Winter;0;0;0;small;parent-daughter;4;3600
2019;FamMA_2019;1;scramble;Summer-Winter;Summer;Winter;0;0;0;small;chicks;4;3600
2019;FamML_2019;1;scramble;Ganymed-Io;Ganymed;Io;0;0;0;big;chicks;4;3600
2019;FamML_2019;1;scramble;Ganymed-Kallisto;Ganymed;Kallisto;0;0;0;big;chicks;4;3600
2019;FamML_2019;1;scramble;Ganymed-Lellan;Ganymed;Lellan;0;0;0;big;parent-daughter;4;3600
2019;FamML_2019;1;scramble;Ganymed-Matte;Ganymed;Matte;1;0;0;big;parent-daughter;4;3600
2019;FamML_2019;1;scramble;Io-Kallisto;Io;Kallisto;0;0;0;big;chicks;4;3600
2019;FamML_2019;1;scramble;Io-Lellan;Io;Lellan;0;0;0;big;parent-daughter;4;3600
2019;FamML_2019;1;scramble;Io-Matte;Io;Matte;4;0;0;big;parent-daughter;4;3600
2019;FamML_2019;1;scramble;Kallisto-Lellan;Kallisto;Lellan;0;0;0;big;parent-son;4;3600
2019;FamML_2019;1;scramble;Kallisto-Matte;Kallisto;Matte;0;0;0;big;parent-son;4;3600
2019;FamML_2019;1;scramble;Lellan-Matte;Lellan;Matte;1;0;2;big;parents;4;3600
2019;FamMR_2019;1;scramble;Munia-Rufus;Munia;Rufus;0;0;0;small;parents;2;1800
2019;FamMR_2019;1;scramble;Munia-Toma;Munia;Toma;0;2;0;small;parent-son;2;1800
2019;FamMR_2019;1;scramble;Rufus-Toma;Rufus;Toma;0;0;0;small;parent-son;2;1800
2019;FamNG_2019;1;scramble;George-Hazel;George;Hazel;1;2;0;small;parent-daughter;3;2700
2019;FamNG_2019;1;scramble;George-Hickory;George;Hickory;0;1;0;small;parent-daughter;3;2700
2019;FamNG_2019;1;scramble;George-Nobel;George;Nobel;0;5;0;small;parents;3;2700
2019;FamNG_2019;1;scramble;Hazel-Hickory;Hazel;Hickory;0;1;1;small;chicks;3;2700
2019;FamNG_2019;1;scramble;Hazel-Nobel;Hazel;Nobel;0;1;0;small;parent-daughter;3;2700
2019;FamNG_2019;1;scramble;Hickory-Nobel;Hickory;Nobel;0;4;0;small;parent-daughter;3;2700
2020;FamAP_2020;1;scramble;Aramis-Eragon;Aramis;Eragon;1;0;0;small;parent-son;4;3600
2020;FamAP_2020;1;scramble;Aramis-Paul;Aramis;Paul;0;2;0;small;parents;4;3600
2020;FamAP_2020;1;scramble;Aramis-Saphira;Aramis;Saphira;0;0;0;small;parent-son;4;3600
2020;FamAP_2020;1;scramble;Eragon-Paul;Eragon;Paul;0;0;0;small;parent-son;4;3600
2020;FamAP_2020;1;scramble;Eragon-Saphira;Eragon;Saphira;0;0;0;small;chicks;4;3600
2020;FamAP_2020;1;scramble;Paul-Saphira;Paul;Saphira;0;1;0;small;parent-son;4;3600
2020;FamJR_2020;1;scramble;Ebony-Joey;Ebony;Joey;0;1;0;small;parent-son;4;3600
2020;FamJR_2020;1;scramble;Ebony-Rocky;Ebony;Rocky;6;0;0;small;parent-son;4;3600
2020;FamJR_2020;1;scramble;Joey-Rocky;Joey;Rocky;0;1;0;small;parents;4;3600
2020;FamNG_2020;1;scramble;George-Maple;George;Maple;2;17;7;small;parent-daughter;4;3600
2020;FamNG_2020;1;scramble;George-Nobel;George;Nobel;0;1;0;small;parents;4;3600
2020;FamNG_2020;1;scramble;George-Oak;George;Oak;1;4;1;small;parent-son;4;3600
2020;FamNG_2020;1;scramble;Maple-Nobel;Maple;Nobel;0;6;3;small;parent-daughter;4;3600
2020;FamNG_2020;1;scramble;Maple-Oak;Maple;Oak;0;2;2;small;chicks;4;3600
2020;FamNG_2020;1;scramble;Nobel-Oak;Nobel;Oak;0;4;1;small;parent-son;4;3600
2021;FamAP_2021;1;scramble;Aramis-Earth;Aramis;Earth;0;0;0;big;parent-daughter;4;3600
2021;FamAP_2021;1;scramble;Aramis-Fire;Aramis;Fire;0;0;0;big;parent-daughter;4;3600
2021;FamAP_2021;1;scramble;Aramis-Paul;Aramis;Paul;2;13;2;big;parents;4;3600
2021;FamAP_2021;1;scramble;Aramis-Water;Aramis;Water;0;0;0;big;parent-son;4;3600
2021;FamAP_2021;1;scramble;Earth-Fire;Earth;Fire;0;0;0;big;chicks;4;3600
2021;FamAP_2021;1;scramble;Earth-Paul;Earth;Paul;0;0;0;big;parent-daughter;4;3600
2021;FamAP_2021;1;scramble;Earth-Water;Earth;Water;0;0;0;big;chicks;4;3600
2021;FamAP_2021;1;scramble;Fire-Paul;Fire;Paul;0;0;0;big;parent-daughter;4;3600
2021;FamAP_2021;1;scramble;Fire-Water;Fire;Water;0;0;0;big;chicks;4;3600
2021;FamAP_2021;1;scramble;Paul-Water;Paul;Water;0;0;0;big;parent-son;4;3600
2021;FamBM_2021;1;scramble;Bobby-Cobain;Bobby;Cobain;0;0;0;small;parent-son;4;3600
2021;FamBM_2021;1;scramble;Bobby-Hendrix;Bobby;Hendrix;0;0;0;small;parent-son;4;3600
2021;FamBM_2021;1;scramble;Bobby-Moritz;Bobby;Moritz;0;7;0;small;parents;4;3600
2021;FamBM_2021;1;scramble;Cobain-Hendrix;Cobain;Hendrix;0;0;0;small;chicks;4;3600
2021;FamBM_2021;1;scramble;Cobain-Moritz;Cobain;Moritz;0;0;0;small;parent-son;4;3600
2021;FamBM_2021;1;scramble;Hendrix-Moritz;Hendrix;Moritz;0;0;0;small;parent-son;4;3600
2021;FamMR_2021;1;scramble;Auguste-Garance;Auguste;Garance;1;3;3;big;chicks;4;3600
2021;FamMR_2021;1;scramble;Auguste-Hippolyte;Auguste;Hippolyte;0;0;0;big;chicks;4;3600
2021;FamMR_2021;1;scramble;Auguste-Munia;Auguste;Munia;0;2;0;big;parent-daughter;4;3600
2021;FamMR_2021;1;scramble;Auguste-Rufus;Auguste;Rufus;1;1;3;big;parent-daughter;4;3600
2021;FamMR_2021;1;scramble;Garance-Hippolyte;Garance;Hippolyte;0;0;0;big;chicks;4;3600
2021;FamMR_2021;1;scramble;Garance-Munia;Garance;Munia;0;0;0;big;parent-son;4;3600
2021;FamMR_2021;1;scramble;Garance-Rufus;Garance;Rufus;0;3;0;big;parent-son;4;3600
2021;FamMR_2021;1;scramble;Hippolyte-Munia;Hippolyte;Munia;0;0;0;big;parent-son;4;3600
2021;FamMR_2021;1;scramble;Hippolyte-Rufus;Hippolyte;Rufus;0;0;0;big;parent-son;4;3600
2021;FamMR_2021;1;scramble;Munia-Rufus;Munia;Rufus;0;5;0;big;parents;4;3600
2019;FamHT_2019;2;scramble;Cleo-Genghis;Cleo;Genghis;0;0;0;big;chicks;4;3600
2019;FamHT_2019;2;scramble;Cleo-Heidi;Cleo;Heidi;0;0;0;big;parent-daughter;4;3600
2019;FamHT_2019;2;scramble;Cleo-Tom;Cleo;Tom;0;0;0;big;parent-daughter;4;3600
2019;FamHT_2019;2;scramble;Cleo-Xerxes;Cleo;Xerxes;0;0;0;big;chicks;4;3600
2019;FamHT_2019;2;scramble;Genghis-Heidi;Genghis;Heidi;1;0;0;big;parent-son;4;3600
2019;FamHT_2019;2;scramble;Genghis-Tom;Genghis;Tom;0;0;0;big;parent-son;4;3600
2019;FamHT_2019;2;scramble;Genghis-Xerxes;Genghis;Xerxes;2;0;0;big;chicks;4;3600
2019;FamHT_2019;2;scramble;Heidi-Tom;Heidi;Tom;0;2;1;big;parents;4;3600
2019;FamHT_2019;2;scramble;Heidi-Xerxes;Heidi;Xerxes;0;0;0;big;parent-son;4;3600
2019;FamHT_2019;2;scramble;Tom-Xerxes;Tom;Xerxes;0;2;0;big;parent-son;4;3600
2019;FamJR_2019;2;scramble;Hamlet-Joey;Hamlet;Joey;0;3;0;big;parent-son;3;2700
2019;FamJR_2019;2;scramble;Hamlet-Juliet;Hamlet;Juliet;1;5;0;big;chicks;3;2700
2019;FamJR_2019;2;scramble;Hamlet-Othello;Hamlet;Othello;0;5;4;big;chicks;3;2700
2019;FamJR_2019;2;scramble;Hamlet-Rocky;Hamlet;Rocky;9;3;0;big;parent-son;3;2700
2019;FamJR_2019;2;scramble;Joey-Juliet;Joey;Juliet;0;1;0;big;parent-daughter;3;2700
2019;FamJR_2019;2;scramble;Joey-Othello;Joey;Othello;0;1;0;big;parent-son;3;2700
2019;FamJR_2019;2;scramble;Joey-Rocky;Joey;Rocky;0;0;0;big;parents;3;2700
2019;FamJR_2019;2;scramble;Juliet-Othello;Juliet;Othello;1;4;1;big;chicks;3;2700
2019;FamJR_2019;2;scramble;Juliet-Rocky;Juliet;Rocky;1;0;1;big;parent-daughter;3;2700
2019;FamJR_2019;2;scramble;Othello-Rocky;Othello;Rocky;2;1;0;big;parent-son;3;2700
2019;FamMA_2019;2;scramble;Arthus-Martha;Arthus;Martha;4;3;0;small;parents;4;3600
2019;FamMA_2019;2;scramble;Arthus-Summer;Arthus;Summer;11;0;0;small;parent-daughter;4;3600
2019;FamMA_2019;2;scramble;Arthus-Winter;Arthus;Winter;7;0;1;small;parent-daughter;4;3600
2019;FamMA_2019;2;scramble;Martha-Summer;Martha;Summer;0;2;1;small;parent-daughter;4;3600
2019;FamMA_2019;2;scramble;Martha-Winter;Martha;Winter;1;3;3;small;parent-daughter;4;3600
2019;FamMA_2019;2;scramble;Summer-Winter;Summer;Winter;0;1;1;small;chicks;4;3600
2019;FamML_2019;2;scramble;Ganymed-Io;Ganymed;Io;0;0;0;big;chicks;4;3600
2019;FamML_2019;2;scramble;Ganymed-Kallisto;Ganymed;Kallisto;0;0;1;big;chicks;4;3600
2019;FamML_2019;2;scramble;Ganymed-Lellan;Ganymed;Lellan;1;0;0;big;parent-daughter;4;3600
2019;FamML_2019;2;scramble;Ganymed-Matte;Ganymed;Matte;7;0;2;big;parent-daughter;4;3600
2019;FamML_2019;2;scramble;Io-Kallisto;Io;Kallisto;0;0;0;big;chicks;4;3600
2019;FamML_2019;2;scramble;Io-Lellan;Io;Lellan;2;0;0;big;parent-daughter;4;3600
2019;FamML_2019;2;scramble;Io-Matte;Io;Matte;11;0;0;big;parent-daughter;4;3600
2019;FamML_2019;2;scramble;Kallisto-Lellan;Kallisto;Lellan;0;0;0;big;parent-son;4;3600
2019;FamML_2019;2;scramble;Kallisto-Matte;Kallisto;Matte;4;0;0;big;parent-son;4;3600
2019;FamML_2019;2;scramble;Lellan-Matte;Lellan;Matte;1;2;2;big;parents;4;3600
2019;FamMR_2019;2;scramble;Munia-Rufus;Munia;Rufus;3;5;0;small;parents;4;3600
2019;FamMR_2019;2;scramble;Munia-Toma;Munia;Toma;2;15;6;small;parent-son;4;3600
2019;FamMR_2019;2;scramble;Rufus-Toma;Rufus;Toma;2;14;4;small;parent-son;4;3600
2019;FamNG_2019;2;scramble;George-Hazel;George;Hazel;0;1;0;small;parent-daughter;3;2700
2019;FamNG_2019;2;scramble;George-Hickory;George;Hickory;10;2;2;small;parent-daughter;3;2700
2019;FamNG_2019;2;scramble;George-Nobel;George;Nobel;0;5;0;small;parents;3;2700
2019;FamNG_2019;2;scramble;Hazel-Hickory;Hazel;Hickory;1;6;3;small;chicks;3;2700
2019;FamNG_2019;2;scramble;Hazel-Nobel;Hazel;Nobel;0;7;0;small;parent-daughter;3;2700
2019;FamNG_2019;2;scramble;Hickory-Nobel;Hickory;Nobel;1;6;0;small;parent-daughter;3;2700
2020;FamAP_2020;2;scramble;Aramis-Eragon;Aramis;Eragon;0;0;0;small;parent-son;4;3600
2020;FamAP_2020;2;scramble;Aramis-Paul;Aramis;Paul;0;2;0;small;parents;4;3600
2020;FamAP_2020;2;scramble;Aramis-Saphira;Aramis;Saphira;0;0;0;small;parent-son;4;3600
2020;FamAP_2020;2;scramble;Eragon-Paul;Eragon;Paul;0;0;0;small;parent-son;4;3600
2020;FamAP_2020;2;scramble;Eragon-Saphira;Eragon;Saphira;0;0;0;small;chicks;4;3600
2020;FamAP_2020;2;scramble;Paul-Saphira;Paul;Saphira;5;3;0;small;parent-son;4;3600
2020;FamHT_2020;2;scramble;Heidi-Tango;Heidi;Tango;0;3;0;small;parent-daughter;4;3600
2020;FamHT_2020;2;scramble;Heidi-Tom;Heidi;Tom;0;10;3;small;parents;4;3600
2020;FamHT_2020;2;scramble;Tango-Tom;Tango;Tom;0;3;3;small;parent-daughter;4;3600
2020;FamJR_2020;2;scramble;Ebony-Joey;Ebony;Joey;0;0;0;small;parent-son;4;3600
2020;FamJR_2020;2;scramble;Ebony-Rocky;Ebony;Rocky;0;0;0;small;parent-son;4;3600
2020;FamJR_2020;2;scramble;Joey-Rocky;Joey;Rocky;0;0;0;small;parents;4;3600
2020;FamMA_2020;2;scramble;Arthus-Cirrus;Arthus;Cirrus;5;2;1;big;parent-daughter;4;3600
2020;FamMA_2020;2;scramble;Arthus-Cumulus;Arthus;Cumulus;5;0;1;big;parent-son;4;3600
2020;FamMA_2020;2;scramble;Arthus-Martha;Arthus;Martha;0;7;1;big;parents;4;3600
2020;FamMA_2020;2;scramble;Arthus-Nimbus;Arthus;Nimbus;5;3;0;big;parent-son;4;3600
2020;FamMA_2020;2;scramble;Cirrus-Cumulus;Cirrus;Cumulus;0;0;0;big;chicks;4;3600
2020;FamMA_2020;2;scramble;Cirrus-Martha;Cirrus;Martha;0;2;1;big;parent-daughter;4;3600
2020;FamMA_2020;2;scramble;Cirrus-Nimbus;Cirrus;Nimbus;0;0;0;big;chicks;4;3600
2020;FamMA_2020;2;scramble;Cumulus-Martha;Cumulus;Martha;1;1;1;big;parent-son;4;3600
2020;FamMA_2020;2;scramble;Cumulus-Nimbus;Cumulus;Nimbus;0;1;1;big;chicks;4;3600
2020;FamMA_2020;2;scramble;Martha-Nimbus;Martha;Nimbus;0;1;3;big;parent-son;4;3600
2020;FamMR_2020;2;scramble;Asakusa-Ginza;Asakusa;Ginza;0;2;1;big;chicks;4;3600
2020;FamMR_2020;2;scramble;Asakusa-Munia;Asakusa;Munia;0;2;0;big;parent-son;4;3600
2020;FamMR_2020;2;scramble;Asakusa-Rufus;Asakusa;Rufus;0;3;1;big;parent-son;4;3600
2020;FamMR_2020;2;scramble;Asakusa-Shiba;Asakusa;Shiba;0;4;4;big;chicks;4;3600
2020;FamMR_2020;2;scramble;Asakusa-Ueno;Asakusa;Ueno;0;3;1;big;chicks;4;3600
2020;FamMR_2020;2;scramble;Ginza-Munia;Ginza;Munia;0;13;1;big;parent-son;4;3600
2020;FamMR_2020;2;scramble;Ginza-Rufus;Ginza;Rufus;2;9;2;big;parent-son;4;3600
2020;FamMR_2020;2;scramble;Ginza-Shiba;Ginza;Shiba;0;6;4;big;chicks;4;3600
2020;FamMR_2020;2;scramble;Ginza-Ueno;Ginza;Ueno;2;3;2;big;chicks;4;3600
2020;FamMR_2020;2;scramble;Munia-Rufus;Munia;Rufus;0;7;0;big;parents;4;3600
2020;FamMR_2020;2;scramble;Munia-Shiba;Munia;Shiba;0;7;0;big;parent-daughter;4;3600
2020;FamMR_2020;2;scramble;Munia-Ueno;Munia;Ueno;0;4;0;big;parent-son;4;3600
2020;FamMR_2020;2;scramble;Rufus-Shiba;Rufus;Shiba;1;2;0;big;parent-daughter;4;3600
2020;FamMR_2020;2;scramble;Rufus-Ueno;Rufus;Ueno;2;1;2;big;parent-son;4;3600
2020;FamMR_2020;2;scramble;Shiba-Ueno;Shiba;Ueno;0;3;4;big;chicks;4;3600
2020;FamNG_2020;2;scramble;George-Maple;George;Maple;0;5;0;small;parent-daughter;4;3600
2020;FamNG_2020;2;scramble;George-Nobel;George;Nobel;0;4;0;small;parents;4;3600
2020;FamNG_2020;2;scramble;George-Oak;George;Oak;0;2;0;small;parent-son;4;3600
2020;FamNG_2020;2;scramble;Maple-Nobel;Maple;Nobel;2;3;0;small;parent-daughter;4;3600
2020;FamNG_2020;2;scramble;Maple-Oak;Maple;Oak;2;4;0;small;chicks;4;3600
2020;FamNG_2020;2;scramble;Nobel-Oak;Nobel;Oak;4;5;2;small;parent-son;4;3600
2021;FamAP_2021;2;scramble;Aramis-Earth;Aramis;Earth;1;0;0;big;parent-daughter;4;3600
2021;FamAP_2021;2;scramble;Aramis-Fire;Aramis;Fire;7;0;1;big;parent-daughter;4;3600
2021;FamAP_2021;2;scramble;Aramis-Paul;Aramis;Paul;6;8;1;big;parents;4;3600
2021;FamAP_2021;2;scramble;Aramis-Water;Aramis;Water;10;1;27;big;parent-son;4;3600
2021;FamAP_2021;2;scramble;Earth-Fire;Earth;Fire;0;4;1;big;chicks;4;3600
2021;FamAP_2021;2;scramble;Earth-Paul;Earth;Paul;23;0;0;big;parent-daughter;4;3600
2021;FamAP_2021;2;scramble;Earth-Water;Earth;Water;0;1;0;big;chicks;4;3600
2021;FamAP_2021;2;scramble;Fire-Paul;Fire;Paul;5;0;0;big;parent-daughter;4;3600
2021;FamAP_2021;2;scramble;Fire-Water;Fire;Water;0;4;3;big;chicks;4;3600
2021;FamAP_2021;2;scramble;Paul-Water;Paul;Water;2;1;0;big;parent-son;4;3600
2021;FamBM_2021;2;scramble;Bobby-Cobain;Bobby;Cobain;0;0;0;small;parent-son;4;3600
2021;FamBM_2021;2;scramble;Bobby-Hendrix;Bobby;Hendrix;0;0;0;small;parent-son;4;3600
2021;FamBM_2021;2;scramble;Bobby-Moritz;Bobby;Moritz;0;5;0;small;parents;4;3600
2021;FamBM_2021;2;scramble;Cobain-Hendrix;Cobain;Hendrix;0;3;1;small;chicks;4;3600
2021;FamBM_2021;2;scramble;Cobain-Moritz;Cobain;Moritz;0;0;0;small;parent-son;4;3600
2021;FamBM_2021;2;scramble;Hendrix-Moritz;Hendrix;Moritz;0;1;0;small;parent-son;4;3600
2021;FamMR_2021;2;scramble;Auguste-Garance;Auguste;Garance;0;0;0;big;chicks;4;3600
2021;FamMR_2021;2;scramble;Auguste-Hippolyte;Auguste;Hippolyte;0;1;1;big;chicks;4;3600
2021;FamMR_2021;2;scramble;Auguste-Munia;Auguste;Munia;0;1;0;big;parent-daughter;4;3600
2021;FamMR_2021;2;scramble;Auguste-Rufus;Auguste;Rufus;0;0;0;big;parent-daughter;4;3600
2021;FamMR_2021;2;scramble;Garance-Hippolyte;Garance;Hippolyte;1;3;1;big;chicks;4;3600
2021;FamMR_2021;2;scramble;Garance-Munia;Garance;Munia;0;5;1;big;parent-son;4;3600
2021;FamMR_2021;2;scramble;Garance-Rufus;Garance;Rufus;0;2;0;big;parent-son;4;3600
2021;FamMR_2021;2;scramble;Hippolyte-Munia;Hippolyte;Munia;1;13;1;big;parent-son;4;3600
2021;FamMR_2021;2;scramble;Hippolyte-Rufus;Hippolyte;Rufus;0;11;1;big;parent-son;4;3600
2021;FamMR_2021;2;scramble;Munia-Rufus;Munia;Rufus;1;5;0;big;parents;4;3600
2019;FamHT_2019;3;scramble;Cleo-Genghis;Cleo;Genghis;0;0;0;big;chicks;5;4500
2019;FamHT_2019;3;scramble;Cleo-Heidi;Cleo;Heidi;0;1;1;big;parent-daughter;5;4500
2019;FamHT_2019;3;scramble;Cleo-Tom;Cleo;Tom;4;3;0;big;parent-daughter;5;4500
2019;FamHT_2019;3;scramble;Cleo-Xerxes;Cleo;Xerxes;0;3;0;big;chicks;5;4500
2019;FamHT_2019;3;scramble;Genghis-Heidi;Genghis;Heidi;0;0;0;big;parent-son;5;4500
2019;FamHT_2019;3;scramble;Genghis-Tom;Genghis;Tom;1;0;0;big;parent-son;5;4500
2019;FamHT_2019;3;scramble;Genghis-Xerxes;Genghis;Xerxes;0;0;0;big;chicks;5;4500
2019;FamHT_2019;3;scramble;Heidi-Tom;Heidi;Tom;0;3;0;big;parents;5;4500
2019;FamHT_2019;3;scramble;Heidi-Xerxes;Heidi;Xerxes;1;1;1;big;parent-son;5;4500
2019;FamHT_2019;3;scramble;Tom-Xerxes;Tom;Xerxes;0;2;0;big;parent-son;5;4500
2019;FamJR_2019;3;scramble;Hamlet-Joey;Hamlet;Joey;0;2;1;big;parent-son;4;3600
2019;FamJR_2019;3;scramble;Hamlet-Juliet;Hamlet;Juliet;1;2;1;big;chicks;4;3600
2019;FamJR_2019;3;scramble;Hamlet-Othello;Hamlet;Othello;0;4;5;big;chicks;4;3600
2019;FamJR_2019;3;scramble;Hamlet-Rocky;Hamlet;Rocky;0;0;0;big;parent-son;4;3600
2019;FamJR_2019;3;scramble;Joey-Juliet;Joey;Juliet;0;1;1;big;parent-daughter;4;3600
2019;FamJR_2019;3;scramble;Joey-Othello;Joey;Othello;0;3;1;big;parent-son;4;3600
2019;FamJR_2019;3;scramble;Joey-Rocky;Joey;Rocky;0;3;0;big;parents;4;3600
2019;FamJR_2019;3;scramble;Juliet-Othello;Juliet;Othello;0;2;2;big;chicks;4;3600
2019;FamJR_2019;3;scramble;Juliet-Rocky;Juliet;Rocky;31;0;1;big;parent-daughter;4;3600
2019;FamJR_2019;3;scramble;Othello-Rocky;Othello;Rocky;35;1;0;big;parent-son;4;3600
2019;FamMA_2019;3;scramble;Arthus-Martha;Arthus;Martha;3;0;0;small;parents;2;1800
2019;FamMA_2019;3;scramble;Arthus-Summer;Arthus;Summer;1;0;0;small;parent-daughter;2;1800
2019;FamMA_2019;3;scramble;Arthus-Winter;Arthus;Winter;1;0;1;small;parent-daughter;2;1800
2019;FamMA_2019;3;scramble;Martha-Summer;Martha;Summer;0;0;0;small;parent-daughter;2;1800
2019;FamMA_2019;3;scramble;Martha-Winter;Martha;Winter;0;1;2;small;parent-daughter;2;1800
2019;FamMA_2019;3;scramble;Summer-Winter;Summer;Winter;0;0;1;small;chicks;2;1800
2019;FamML_2019;3;scramble;Ganymed-Io;Ganymed;Io;0;1;0;big;chicks;4;3600
2019;FamML_2019;3;scramble;Ganymed-Kallisto;Ganymed;Kallisto;0;2;1;big;chicks;4;3600
2019;FamML_2019;3;scramble;Ganymed-Lellan;Ganymed;Lellan;7;0;0;big;parent-daughter;4;3600
2019;FamML_2019;3;scramble;Ganymed-Matte;Ganymed;Matte;12;2;3;big;parent-daughter;4;3600
2019;FamML_2019;3;scramble;Io-Kallisto;Io;Kallisto;0;1;0;big;chicks;4;3600
2019;FamML_2019;3;scramble;Io-Lellan;Io;Lellan;0;3;0;big;parent-daughter;4;3600
2019;FamML_2019;3;scramble;Io-Matte;Io;Matte;1;2;0;big;parent-daughter;4;3600
2019;FamML_2019;3;scramble;Kallisto-Lellan;Kallisto;Lellan;0;3;0;big;parent-son;4;3600
2019;FamML_2019;3;scramble;Kallisto-Matte;Kallisto;Matte;0;2;1;big;parent-son;4;3600
2019;FamML_2019;3;scramble;Lellan-Matte;Lellan;Matte;2;0;0;big;parents;4;3600
2019;FamMR_2019;3;scramble;Munia-Rufus;Munia;Rufus;0;2;0;small;parents;4;3600
2019;FamMR_2019;3;scramble;Munia-Toma;Munia;Toma;1;6;8;small;parent-son;4;3600
2019;FamMR_2019;3;scramble;Rufus-Toma;Rufus;Toma;5;10;3;small;parent-son;4;3600
2019;FamNG_2019;3;scramble;George-Hazel;George;Hazel;0;6;3;small;parent-daughter;4;3600
2019;FamNG_2019;3;scramble;George-Hickory;George;Hickory;1;3;1;small;parent-daughter;4;3600
2019;FamNG_2019;3;scramble;George-Nobel;George;Nobel;0;7;0;small;parents;4;3600
2019;FamNG_2019;3;scramble;Hazel-Hickory;Hazel;Hickory;0;8;2;small;chicks;4;3600
2019;FamNG_2019;3;scramble;Hazel-Nobel;Hazel;Nobel;0;7;2;small;parent-daughter;4;3600
2019;FamNG_2019;3;scramble;Hickory-Nobel;Hickory;Nobel;1;6;0;small;parent-daughter;4;3600
2020;FamAP_2020;3;scramble;Aramis-Eragon;Aramis;Eragon;5;0;0;small;parent-son;4;3600
2020;FamAP_2020;3;scramble;Aramis-Paul;Aramis;Paul;0;0;0;small;parents;4;3600
2020;FamAP_2020;3;scramble;Aramis-Saphira;Aramis;Saphira;1;1;0;small;parent-son;4;3600
2020;FamAP_2020;3;scramble;Eragon-Paul;Eragon;Paul;0;0;0;small;parent-son;4;3600
2020;FamAP_2020;3;scramble;Eragon-Saphira;Eragon;Saphira;0;1;1;small;chicks;4;3600
2020;FamAP_2020;3;scramble;Paul-Saphira;Paul;Saphira;0;6;0;small;parent-son;4;3600
2020;FamHT_2020;3;scramble;Heidi-Tango;Heidi;Tango;2;4;4;small;parent-daughter;4;3600
2020;FamHT_2020;3;scramble;Heidi-Tom;Heidi;Tom;0;5;0;small;parents;4;3600
2020;FamHT_2020;3;scramble;Tango-Tom;Tango;Tom;0;2;2;small;parent-daughter;4;3600
2020;FamJR_2020;3;scramble;Ebony-Joey;Ebony;Joey;1;3;0;small;parent-son;4;3600
2020;FamJR_2020;3;scramble;Ebony-Rocky;Ebony;Rocky;1;4;0;small;parent-son;4;3600
2020;FamJR_2020;3;scramble;Joey-Rocky;Joey;Rocky;0;0;0;small;parents;4;3600
2020;FamMA_2020;3;scramble;Arthus-Cirrus;Arthus;Cirrus;3;1;0;big;parent-daughter;4;3600
2020;FamMA_2020;3;scramble;Arthus-Cumulus;Arthus;Cumulus;4;1;0;big;parent-son;4;3600
2020;FamMA_2020;3;scramble;Arthus-Martha;Arthus;Martha;2;6;0;big;parents;4;3600
2020;FamMA_2020;3;scramble;Arthus-Nimbus;Arthus;Nimbus;6;1;0;big;parent-son;4;3600
2020;FamMA_2020;3;scramble;Cirrus-Cumulus;Cirrus;Cumulus;1;1;0;big;chicks;4;3600
2020;FamMA_2020;3;scramble;Cirrus-Martha;Cirrus;Martha;8;2;3;big;parent-daughter;4;3600
2020;FamMA_2020;3;scramble;Cirrus-Nimbus;Cirrus;Nimbus;0;1;0;big;chicks;4;3600
2020;FamMA_2020;3;scramble;Cumulus-Martha;Cumulus;Martha;7;4;2;big;parent-son;4;3600
2020;FamMA_2020;3;scramble;Cumulus-Nimbus;Cumulus;Nimbus;3;1;1;big;chicks;4;3600
2020;FamMA_2020;3;scramble;Martha-Nimbus;Martha;Nimbus;20;1;5;big;parent-son;4;3600
2020;FamMR_2020;3;scramble;Asakusa-Ginza;Asakusa;Ginza;2;9;12;big;chicks;4;3600
2020;FamMR_2020;3;scramble;Asakusa-Munia;Asakusa;Munia;2;3;0;big;parent-son;4;3600
2020;FamMR_2020;3;scramble;Asakusa-Rufus;Asakusa;Rufus;3;2;0;big;parent-son;4;3600
2020;FamMR_2020;3;scramble;Asakusa-Shiba;Asakusa;Shiba;0;4;2;big;chicks;4;3600
2020;FamMR_2020;3;scramble;Asakusa-Ueno;Asakusa;Ueno;4;4;3;big;chicks;4;3600
2020;FamMR_2020;3;scramble;Ginza-Munia;Ginza;Munia;0;2;1;big;parent-son;4;3600
2020;FamMR_2020;3;scramble;Ginza-Rufus;Ginza;Rufus;3;4;2;big;parent-son;4;3600
2020;FamMR_2020;3;scramble;Ginza-Shiba;Ginza;Shiba;1;4;6;big;chicks;4;3600
2020;FamMR_2020;3;scramble;Ginza-Ueno;Ginza;Ueno;1;1;7;big;chicks;4;3600
2020;FamMR_2020;3;scramble;Munia-Rufus;Munia;Rufus;1;2;0;big;parents;4;3600
2020;FamMR_2020;3;scramble;Munia-Shiba;Munia;Shiba;8;1;1;big;parent-daughter;4;3600
2020;FamMR_2020;3;scramble;Munia-Ueno;Munia;Ueno;0;5;6;big;parent-son;4;3600
2020;FamMR_2020;3;scramble;Rufus-Shiba;Rufus;Shiba;3;0;0;big;parent-daughter;4;3600
2020;FamMR_2020;3;scramble;Rufus-Ueno;Rufus;Ueno;3;0;1;big;parent-son;4;3600
2020;FamMR_2020;3;scramble;Shiba-Ueno;Shiba;Ueno;2;2;2;big;chicks;4;3600
2020;FamNG_2020;3;scramble;George-Maple;George;Maple;0;7;0;small;parent-daughter;4;3600
2020;FamNG_2020;3;scramble;George-Nobel;George;Nobel;0;6;2;small;parents;4;3600
2020;FamNG_2020;3;scramble;George-Oak;George;Oak;0;4;0;small;parent-son;4;3600
2020;FamNG_2020;3;scramble;Maple-Nobel;Maple;Nobel;0;13;1;small;parent-daughter;4;3600
2020;FamNG_2020;3;scramble;Maple-Oak;Maple;Oak;1;3;0;small;chicks;4;3600
2020;FamNG_2020;3;scramble;Nobel-Oak;Nobel;Oak;0;4;0;small;parent-son;4;3600
2021;FamAP_2021;3;scramble;Aramis-Earth;Aramis;Earth;6;0;0;big;parent-daughter;4;3600
2021;FamAP_2021;3;scramble;Aramis-Fire;Aramis;Fire;9;5;0;big;parent-daughter;4;3600
2021;FamAP_2021;3;scramble;Aramis-Paul;Aramis;Paul;0;2;0;big;parents;4;3600
2021;FamAP_2021;3;scramble;Aramis-Water;Aramis;Water;8;2;0;big;parent-son;4;3600
2021;FamAP_2021;3;scramble;Earth-Fire;Earth;Fire;0;11;4;big;chicks;4;3600
2021;FamAP_2021;3;scramble;Earth-Paul;Earth;Paul;0;0;0;big;parent-daughter;4;3600
2021;FamAP_2021;3;scramble;Earth-Water;Earth;Water;7;19;31;big;chicks;4;3600
2021;FamAP_2021;3;scramble;Fire-Paul;Fire;Paul;0;0;0;big;parent-daughter;4;3600
2021;FamAP_2021;3;scramble;Fire-Water;Fire;Water;6;39;21;big;chicks;4;3600
2021;FamAP_2021;3;scramble;Paul-Water;Paul;Water;1;2;0;big;parent-son;4;3600
2021;FamBM_2021;3;scramble;Bobby-Cobain;Bobby;Cobain;3;1;0;small;parent-son;4;3600
2021;FamBM_2021;3;scramble;Bobby-Hendrix;Bobby;Hendrix;0;0;0;small;parent-son;4;3600
2021;FamBM_2021;3;scramble;Bobby-Moritz;Bobby;Moritz;0;4;0;small;parents;4;3600
2021;FamBM_2021;3;scramble;Cobain-Hendrix;Cobain;Hendrix;0;1;2;small;chicks;4;3600
2021;FamBM_2021;3;scramble;Cobain-Moritz;Cobain;Moritz;3;2;2;small;parent-son;4;3600
2021;FamBM_2021;3;scramble;Hendrix-Moritz;Hendrix;Moritz;0;1;1;small;parent-son;4;3600
2021;FamMR_2021;3;scramble;Auguste-Garance;Auguste;Garance;0;1;1;big;chicks;4;3600
2021;FamMR_2021;3;scramble;Auguste-Hippolyte;Auguste;Hippolyte;0;2;3;big;chicks;4;3600
2021;FamMR_2021;3;scramble;Auguste-Munia;Auguste;Munia;0;2;1;big;parent-daughter;4;3600
2021;FamMR_2021;3;scramble;Auguste-Rufus;Auguste;Rufus;0;1;0;big;parent-daughter;4;3600
2021;FamMR_2021;3;scramble;Garance-Hippolyte;Garance;Hippolyte;0;12;5;big;chicks;4;3600
2021;FamMR_2021;3;scramble;Garance-Munia;Garance;Munia;0;7;0;big;parent-son;4;3600
2021;FamMR_2021;3;scramble;Garance-Rufus;Garance;Rufus;0;4;0;big;parent-son;4;3600
2021;FamMR_2021;3;scramble;Hippolyte-Munia;Hippolyte;Munia;0;5;0;big;parent-son;4;3600
2021;FamMR_2021;3;scramble;Hippolyte-Rufus;Hippolyte;Rufus;3;6;0;big;parent-son;4;3600
2021;FamMR_2021;3;scramble;Munia-Rufus;Munia;Rufus;1;2;0;big;parents;4;3600
2019;FamHT_2019;1;twopieces;Cleo-Genghis;Cleo;Genghis;0;0;0;big;chicks;2;1800
2019;FamHT_2019;1;twopieces;Cleo-Heidi;Cleo;Heidi;0;0;0;big;parent-daughter;2;1800
2019;FamHT_2019;1;twopieces;Cleo-Tom;Cleo;Tom;0;0;0;big;parent-daughter;2;1800
2019;FamHT_2019;1;twopieces;Cleo-Xerxes;Cleo;Xerxes;0;0;0;big;chicks;2;1800
2019;FamHT_2019;1;twopieces;Genghis-Heidi;Genghis;Heidi;0;0;0;big;parent-son;2;1800
2019;FamHT_2019;1;twopieces;Genghis-Tom;Genghis;Tom;0;1;0;big;parent-son;2;1800
2019;FamHT_2019;1;twopieces;Genghis-Xerxes;Genghis;Xerxes;0;0;0;big;chicks;2;1800
2019;FamHT_2019;1;twopieces;Heidi-Tom;Heidi;Tom;0;1;0;big;parents;2;1800
2019;FamHT_2019;1;twopieces;Heidi-Xerxes;Heidi;Xerxes;0;0;0;big;parent-son;2;1800
2019;FamHT_2019;1;twopieces;Tom-Xerxes;Tom;Xerxes;0;0;0;big;parent-son;2;1800
2019;FamJR_2019;1;twopieces;Hamlet-Joey;Hamlet;Joey;0;0;0;big;parent-son;2;1800
2019;FamJR_2019;1;twopieces;Hamlet-Juliet;Hamlet;Juliet;0;0;0;big;chicks;2;1800
2019;FamJR_2019;1;twopieces;Hamlet-Othello;Hamlet;Othello;0;0;0;big;chicks;2;1800
2019;FamJR_2019;1;twopieces;Hamlet-Rocky;Hamlet;Rocky;0;0;0;big;parent-son;2;1800
2019;FamJR_2019;1;twopieces;Joey-Juliet;Joey;Juliet;0;0;0;big;parent-daughter;2;1800
2019;FamJR_2019;1;twopieces;Joey-Othello;Joey;Othello;0;0;0;big;parent-son;2;1800
2019;FamJR_2019;1;twopieces;Joey-Rocky;Joey;Rocky;0;0;0;big;parents;2;1800
2019;FamJR_2019;1;twopieces;Juliet-Othello;Juliet;Othello;0;0;0;big;chicks;2;1800
2019;FamJR_2019;1;twopieces;Juliet-Rocky;Juliet;Rocky;0;0;0;big;parent-daughter;2;1800
2019;FamJR_2019;1;twopieces;Othello-Rocky;Othello;Rocky;0;0;0;big;parent-son;2;1800
2019;FamMA_2019;1;twopieces;Arthus-Martha;Arthus;Martha;0;1;0;small;parents;2;1800
2019;FamMA_2019;1;twopieces;Arthus-Summer;Arthus;Summer;0;0;0;small;parent-daughter;2;1800
2019;FamMA_2019;1;twopieces;Arthus-Winter;Arthus;Winter;0;0;0;small;parent-daughter;2;1800
2019;FamMA_2019;1;twopieces;Martha-Summer;Martha;Summer;0;0;0;small;parent-daughter;2;1800
2019;FamMA_2019;1;twopieces;Martha-Winter;Martha;Winter;0;0;0;small;parent-daughter;2;1800
2019;FamMA_2019;1;twopieces;Summer-Winter;Summer;Winter;0;0;0;small;chicks;2;1800
2019;FamML_2019;1;twopieces;Ganymed-Io;Ganymed;Io;0;0;0;big;chicks;2;1800
2019;FamML_2019;1;twopieces;Ganymed-Kallisto;Ganymed;Kallisto;0;0;0;big;chicks;2;1800
2019;FamML_2019;1;twopieces;Ganymed-Lellan;Ganymed;Lellan;0;0;0;big;parent-daughter;2;1800
2019;FamML_2019;1;twopieces;Ganymed-Matte;Ganymed;Matte;0;0;0;big;parent-daughter;2;1800
2019;FamML_2019;1;twopieces;Io-Kallisto;Io;Kallisto;0;0;0;big;chicks;2;1800
2019;FamML_2019;1;twopieces;Io-Lellan;Io;Lellan;0;0;0;big;parent-daughter;2;1800
2019;FamML_2019;1;twopieces;Io-Matte;Io;Matte;0;0;0;big;parent-daughter;2;1800
2019;FamML_2019;1;twopieces;Kallisto-Lellan;Kallisto;Lellan;0;0;0;big;parent-son;2;1800
2019;FamML_2019;1;twopieces;Kallisto-Matte;Kallisto;Matte;0;0;0;big;parent-son;2;1800
2019;FamML_2019;1;twopieces;Lellan-Matte;Lellan;Matte;0;0;0;big;parents;2;1800
2019;FamMR_2019;1;twopieces;Munia-Rufus;Munia;Rufus;1;0;0;small;parents;1;900
2019;FamMR_2019;1;twopieces;Munia-Toma;Munia;Toma;0;0;0;small;parent-son;1;900
2019;FamMR_2019;1;twopieces;Rufus-Toma;Rufus;Toma;0;0;0;small;parent-son;1;900
2019;FamNG_2019;1;twopieces;George-Hazel;George;Hazel;0;0;0;small;parent-daughter;2;1800
2019;FamNG_2019;1;twopieces;George-Hickory;George;Hickory;0;0;0;small;parent-daughter;2;1800
2019;FamNG_2019;1;twopieces;George-Nobel;George;Nobel;0;3;0;small;parents;2;1800
2019;FamNG_2019;1;twopieces;Hazel-Hickory;Hazel;Hickory;0;0;0;small;chicks;2;1800
2019;FamNG_2019;1;twopieces;Hazel-Nobel;Hazel;Nobel;0;0;0;small;parent-daughter;2;1800
2019;FamNG_2019;1;twopieces;Hickory-Nobel;Hickory;Nobel;0;0;0;small;parent-daughter;2;1800
2020;FamAP_2020;1;twopieces;Aramis-Eragon;Aramis;Eragon;0;0;0;small;parent-son;2;1800
2020;FamAP_2020;1;twopieces;Aramis-Paul;Aramis;Paul;4;0;0;small;parents;2;1800
2020;FamAP_2020;1;twopieces;Aramis-Saphira;Aramis;Saphira;1;0;0;small;parent-son;2;1800
2020;FamAP_2020;1;twopieces;Eragon-Paul;Eragon;Paul;0;0;0;small;parent-son;2;1800
2020;FamAP_2020;1;twopieces;Eragon-Saphira;Eragon;Saphira;0;0;0;small;chicks;2;1800
2020;FamAP_2020;1;twopieces;Paul-Saphira;Paul;Saphira;0;0;0;small;parent-son;2;1800
2020;FamJR_2020;1;twopieces;Ebony-Joey;Ebony;Joey;0;0;0;small;parent-son;2;1800
2020;FamJR_2020;1;twopieces;Ebony-Rocky;Ebony;Rocky;0;0;0;small;parent-son;2;1800
2020;FamJR_2020;1;twopieces;Joey-Rocky;Joey;Rocky;0;0;0;small;parents;2;1800
2020;FamNG_2020;1;twopieces;George-Maple;George;Maple;0;0;0;small;parent-daughter;2;1800
2020;FamNG_2020;1;twopieces;George-Nobel;George;Nobel;1;1;0;small;parents;2;1800
2020;FamNG_2020;1;twopieces;George-Oak;George;Oak;0;0;0;small;parent-son;2;1800
2020;FamNG_2020;1;twopieces;Maple-Nobel;Maple;Nobel;0;4;0;small;parent-daughter;2;1800
2020;FamNG_2020;1;twopieces;Maple-Oak;Maple;Oak;0;0;5;small;chicks;2;1800
2020;FamNG_2020;1;twopieces;Nobel-Oak;Nobel;Oak;0;1;0;small;parent-son;2;1800
2021;FamAP_2021;1;twopieces;Aramis-Earth;Aramis;Earth;0;0;0;big;parent-daughter;2;1800
2021;FamAP_2021;1;twopieces;Aramis-Fire;Aramis;Fire;0;0;0;big;parent-daughter;2;1800
2021;FamAP_2021;1;twopieces;Aramis-Paul;Aramis;Paul;0;0;0;big;parents;2;1800
2021;FamAP_2021;1;twopieces;Aramis-Water;Aramis;Water;0;0;0;big;parent-son;2;1800
2021;FamAP_2021;1;twopieces;Earth-Fire;Earth;Fire;0;0;0;big;chicks;2;1800
2021;FamAP_2021;1;twopieces;Earth-Paul;Earth;Paul;0;0;0;big;parent-daughter;2;1800
2021;FamAP_2021;1;twopieces;Earth-Water;Earth;Water;0;0;0;big;chicks;2;1800
2021;FamAP_2021;1;twopieces;Fire-Paul;Fire;Paul;0;0;0;big;parent-daughter;2;1800
2021;FamAP_2021;1;twopieces;Fire-Water;Fire;Water;0;0;0;big;chicks;2;1800
2021;FamAP_2021;1;twopieces;Paul-Water;Paul;Water;0;0;0;big;parent-son;2;1800
2021;FamBM_2021;1;twopieces;Bobby-Cobain;Bobby;Cobain;0;0;0;small;parent-son;2;1800
2021;FamBM_2021;1;twopieces;Bobby-Hendrix;Bobby;Hendrix;0;0;0;small;parent-son;2;1800
2021;FamBM_2021;1;twopieces;Bobby-Moritz;Bobby;Moritz;0;2;0;small;parents;2;1800
2021;FamBM_2021;1;twopieces;Cobain-Hendrix;Cobain;Hendrix;0;0;0;small;chicks;2;1800
2021;FamBM_2021;1;twopieces;Cobain-Moritz;Cobain;Moritz;0;0;0;small;parent-son;2;1800
2021;FamBM_2021;1;twopieces;Hendrix-Moritz;Hendrix;Moritz;0;0;0;small;parent-son;2;1800
2021;FamMR_2021;1;twopieces;Auguste-Garance;Auguste;Garance;0;0;0;big;chicks;2;1800
2021;FamMR_2021;1;twopieces;Auguste-Hippolyte;Auguste;Hippolyte;0;0;0;big;chicks;2;1800
2021;FamMR_2021;1;twopieces;Auguste-Munia;Auguste;Munia;0;0;0;big;parent-daughter;2;1800
2021;FamMR_2021;1;twopieces;Auguste-Rufus;Auguste;Rufus;0;0;0;big;parent-daughter;2;1800
2021;FamMR_2021;1;twopieces;Garance-Hippolyte;Garance;Hippolyte;0;0;0;big;chicks;2;1800
2021;FamMR_2021;1;twopieces;Garance-Munia;Garance;Munia;0;0;0;big;parent-son;2;1800
2021;FamMR_2021;1;twopieces;Garance-Rufus;Garance;Rufus;0;0;0;big;parent-son;2;1800
2021;FamMR_2021;1;twopieces;Hippolyte-Munia;Hippolyte;Munia;0;0;0;big;parent-son;2;1800
2021;FamMR_2021;1;twopieces;Hippolyte-Rufus;Hippolyte;Rufus;0;0;0;big;parent-son;2;1800
2021;FamMR_2021;1;twopieces;Munia-Rufus;Munia;Rufus;4;2;1;big;parents;2;1800
2019;FamHT_2019;2;twopieces;Cleo-Genghis;Cleo;Genghis;0;0;0;big;chicks;2;1800
2019;FamHT_2019;2;twopieces;Cleo-Heidi;Cleo;Heidi;0;0;0;big;parent-daughter;2;1800
2019;FamHT_2019;2;twopieces;Cleo-Tom;Cleo;Tom;1;0;0;big;parent-daughter;2;1800
2019;FamHT_2019;2;twopieces;Cleo-Xerxes;Cleo;Xerxes;0;0;0;big;chicks;2;1800
2019;FamHT_2019;2;twopieces;Genghis-Heidi;Genghis;Heidi;2;0;0;big;parent-son;2;1800
2019;FamHT_2019;2;twopieces;Genghis-Tom;Genghis;Tom;0;0;0;big;parent-son;2;1800
2019;FamHT_2019;2;twopieces;Genghis-Xerxes;Genghis;Xerxes;0;0;0;big;chicks;2;1800
2019;FamHT_2019;2;twopieces;Heidi-Tom;Heidi;Tom;0;0;0;big;parents;2;1800
2019;FamHT_2019;2;twopieces;Heidi-Xerxes;Heidi;Xerxes;0;1;2;big;parent-son;2;1800
2019;FamHT_2019;2;twopieces;Tom-Xerxes;Tom;Xerxes;0;1;1;big;parent-son;2;1800
2019;FamJR_2019;2;twopieces;Hamlet-Joey;Hamlet;Joey;1;16;0;big;parent-son;2;1800
2019;FamJR_2019;2;twopieces;Hamlet-Juliet;Hamlet;Juliet;0;0;0;big;chicks;2;1800
2019;FamJR_2019;2;twopieces;Hamlet-Othello;Hamlet;Othello;1;1;0;big;chicks;2;1800
2019;FamJR_2019;2;twopieces;Hamlet-Rocky;Hamlet;Rocky;11;1;0;big;parent-son;2;1800
2019;FamJR_2019;2;twopieces;Joey-Juliet;Joey;Juliet;0;0;0;big;parent-daughter;2;1800
2019;FamJR_2019;2;twopieces;Joey-Othello;Joey;Othello;0;1;0;big;parent-son;2;1800
2019;FamJR_2019;2;twopieces;Joey-Rocky;Joey;Rocky;0;0;0;big;parents;2;1800
2019;FamJR_2019;2;twopieces;Juliet-Othello;Juliet;Othello;0;0;0;big;chicks;2;1800
2019;FamJR_2019;2;twopieces;Juliet-Rocky;Juliet;Rocky;3;0;0;big;parent-daughter;2;1800
2019;FamJR_2019;2;twopieces;Othello-Rocky;Othello;Rocky;2;0;0;big;parent-son;2;1800
2019;FamMA_2019;2;twopieces;Arthus-Martha;Arthus;Martha;1;2;0;small;parents;2;1800
2019;FamMA_2019;2;twopieces;Arthus-Summer;Arthus;Summer;2;0;0;small;parent-daughter;2;1800
2019;FamMA_2019;2;twopieces;Arthus-Winter;Arthus;Winter;0;0;0;small;parent-daughter;2;1800
2019;FamMA_2019;2;twopieces;Martha-Summer;Martha;Summer;0;0;0;small;parent-daughter;2;1800
2019;FamMA_2019;2;twopieces;Martha-Winter;Martha;Winter;0;2;2;small;parent-daughter;2;1800
2019;FamMA_2019;2;twopieces;Summer-Winter;Summer;Winter;0;0;0;small;chicks;2;1800
2019;FamML_2019;2;twopieces;Ganymed-Io;Ganymed;Io;0;0;0;big;chicks;2;1800
2019;FamML_2019;2;twopieces;Ganymed-Kallisto;Ganymed;Kallisto;0;0;0;big;chicks;2;1800
2019;FamML_2019;2;twopieces;Ganymed-Lellan;Ganymed;Lellan;7;0;3;big;parent-daughter;2;1800
2019;FamML_2019;2;twopieces;Ganymed-Matte;Ganymed;Matte;3;0;1;big;parent-daughter;2;1800
2019;FamML_2019;2;twopieces;Io-Kallisto;Io;Kallisto;0;0;0;big;chicks;2;1800
2019;FamML_2019;2;twopieces;Io-Lellan;Io;Lellan;1;0;0;big;parent-daughter;2;1800
2019;FamML_2019;2;twopieces;Io-Matte;Io;Matte;0;0;0;big;parent-daughter;2;1800
2019;FamML_2019;2;twopieces;Kallisto-Lellan;Kallisto;Lellan;0;1;1;big;parent-son;2;1800
2019;FamML_2019;2;twopieces;Kallisto-Matte;Kallisto;Matte;1;1;3;big;parent-son;2;1800
2019;FamML_2019;2;twopieces;Lellan-Matte;Lellan;Matte;1;4;2;big;parents;2;1800
2019;FamMR_2019;2;twopieces;Munia-Rufus;Munia;Rufus;2;4;0;small;parents;2;1800
2019;FamMR_2019;2;twopieces;Munia-Toma;Munia;Toma;0;3;1;small;parent-son;2;1800
2019;FamMR_2019;2;twopieces;Rufus-Toma;Rufus;Toma;2;4;2;small;parent-son;2;1800
2019;FamNG_2019;2;twopieces;George-Hazel;George;Hazel;0;7;0;small;parent-daughter;2;1800
2019;FamNG_2019;2;twopieces;George-Hickory;George;Hickory;3;3;0;small;parent-daughter;2;1800
2019;FamNG_2019;2;twopieces;George-Nobel;George;Nobel;2;18;0;small;parents;2;1800
2019;FamNG_2019;2;twopieces;Hazel-Hickory;Hazel;Hickory;3;6;0;small;chicks;2;1800
2019;FamNG_2019;2;twopieces;Hazel-Nobel;Hazel;Nobel;0;9;0;small;parent-daughter;2;1800
2019;FamNG_2019;2;twopieces;Hickory-Nobel;Hickory;Nobel;1;7;0;small;parent-daughter;2;1800
2020;FamAP_2020;2;twopieces;Aramis-Eragon;Aramis;Eragon;2;0;0;small;parent-son;2;1800
2020;FamAP_2020;2;twopieces;Aramis-Paul;Aramis;Paul;0;0;0;small;parents;2;1800
2020;FamAP_2020;2;twopieces;Aramis-Saphira;Aramis;Saphira;5;0;0;small;parent-son;2;1800
2020;FamAP_2020;2;twopieces;Eragon-Paul;Eragon;Paul;0;0;0;small;parent-son;2;1800
2020;FamAP_2020;2;twopieces;Eragon-Saphira;Eragon;Saphira;1;3;2;small;chicks;2;1800
2020;FamAP_2020;2;twopieces;Paul-Saphira;Paul;Saphira;0;0;0;small;parent-son;2;1800
2020;FamHT_2020;2;twopieces;Heidi-Tango;Heidi;Tango;1;0;0;small;parent-daughter;2;1800
2020;FamHT_2020;2;twopieces;Heidi-Tom;Heidi;Tom;0;1;0;small;parents;2;1800
2020;FamHT_2020;2;twopieces;Tango-Tom;Tango;Tom;0;2;0;small;parent-daughter;2;1800
2020;FamJR_2020;2;twopieces;Ebony-Joey;Ebony;Joey;0;0;0;small;parent-son;2;1800
2020;FamJR_2020;2;twopieces;Ebony-Rocky;Ebony;Rocky;1;1;0;small;parent-son;2;1800
2020;FamJR_2020;2;twopieces;Joey-Rocky;Joey;Rocky;0;0;0;small;parents;2;1800
2020;FamMA_2020;2;twopieces;Arthus-Cirrus;Arthus;Cirrus;13;1;2;big;parent-daughter;2;1800
2020;FamMA_2020;2;twopieces;Arthus-Cumulus;Arthus;Cumulus;3;0;0;big;parent-son;2;1800
2020;FamMA_2020;2;twopieces;Arthus-Martha;Arthus;Martha;0;1;0;big;parents;2;1800
2020;FamMA_2020;2;twopieces;Arthus-Nimbus;Arthus;Nimbus;1;0;0;big;parent-son;2;1800
2020;FamMA_2020;2;twopieces;Cirrus-Cumulus;Cirrus;Cumulus;0;0;0;big;chicks;2;1800
2020;FamMA_2020;2;twopieces;Cirrus-Martha;Cirrus;Martha;0;0;0;big;parent-daughter;2;1800
2020;FamMA_2020;2;twopieces;Cirrus-Nimbus;Cirrus;Nimbus;0;0;0;big;chicks;2;1800
2020;FamMA_2020;2;twopieces;Cumulus-Martha;Cumulus;Martha;0;4;1;big;parent-son;2;1800
2020;FamMA_2020;2;twopieces;Cumulus-Nimbus;Cumulus;Nimbus;0;0;0;big;chicks;2;1800
2020;FamMA_2020;2;twopieces;Martha-Nimbus;Martha;Nimbus;0;0;0;big;parent-son;2;1800
2020;FamMR_2020;2;twopieces;Asakusa-Ginza;Asakusa;Ginza;0;0;0;big;chicks;2;1800
2020;FamMR_2020;2;twopieces;Asakusa-Munia;Asakusa;Munia;0;0;0;big;parent-son;2;1800
2020;FamMR_2020;2;twopieces;Asakusa-Rufus;Asakusa;Rufus;0;0;0;big;parent-son;2;1800
2020;FamMR_2020;2;twopieces;Asakusa-Shiba;Asakusa;Shiba;0;0;0;big;chicks;2;1800
2020;FamMR_2020;2;twopieces;Asakusa-Ueno;Asakusa;Ueno;0;0;1;big;chicks;2;1800
2020;FamMR_2020;2;twopieces;Ginza-Munia;Ginza;Munia;0;2;0;big;parent-son;2;1800
2020;FamMR_2020;2;twopieces;Ginza-Rufus;Ginza;Rufus;2;2;0;big;parent-son;2;1800
2020;FamMR_2020;2;twopieces;Ginza-Shiba;Ginza;Shiba;3;0;0;big;chicks;2;1800
2020;FamMR_2020;2;twopieces;Ginza-Ueno;Ginza;Ueno;0;0;1;big;chicks;2;1800
2020;FamMR_2020;2;twopieces;Munia-Rufus;Munia;Rufus;3;7;0;big;parents;2;1800
2020;FamMR_2020;2;twopieces;Munia-Shiba;Munia;Shiba;3;13;1;big;parent-daughter;2;1800
2020;FamMR_2020;2;twopieces;Munia-Ueno;Munia;Ueno;0;0;0;big;parent-son;2;1800
2020;FamMR_2020;2;twopieces;Rufus-Shiba;Rufus;Shiba;0;0;0;big;parent-daughter;2;1800
2020;FamMR_2020;2;twopieces;Rufus-Ueno;Rufus;Ueno;0;0;0;big;parent-son;2;1800
2020;FamMR_2020;2;twopieces;Shiba-Ueno;Shiba;Ueno;1;1;4;big;chicks;2;1800
2020;FamNG_2020;2;twopieces;George-Maple;George;Maple;4;4;0;small;parent-daughter;2;1800
2020;FamNG_2020;2;twopieces;George-Nobel;George;Nobel;0;0;0;small;parents;2;1800
2020;FamNG_2020;2;twopieces;George-Oak;George;Oak;6;11;0;small;parent-son;2;1800
2020;FamNG_2020;2;twopieces;Maple-Nobel;Maple;Nobel;0;3;0;small;parent-daughter;2;1800
2020;FamNG_2020;2;twopieces;Maple-Oak;Maple;Oak;0;20;3;small;chicks;2;1800
2020;FamNG_2020;2;twopieces;Nobel-Oak;Nobel;Oak;0;2;0;small;parent-son;2;1800
2021;FamAP_2021;2;twopieces;Aramis-Earth;Aramis;Earth;5;0;0;big;parent-daughter;2;1800
2021;FamAP_2021;2;twopieces;Aramis-Fire;Aramis;Fire;2;0;0;big;parent-daughter;2;1800
2021;FamAP_2021;2;twopieces;Aramis-Paul;Aramis;Paul;9;3;2;big;parents;2;1800
2021;FamAP_2021;2;twopieces;Aramis-Water;Aramis;Water;7;0;0;big;parent-son;2;1800
2021;FamAP_2021;2;twopieces;Earth-Fire;Earth;Fire;0;0;0;big;chicks;2;1800
2021;FamAP_2021;2;twopieces;Earth-Paul;Earth;Paul;26;0;5;big;parent-daughter;2;1800
2021;FamAP_2021;2;twopieces;Earth-Water;Earth;Water;0;3;3;big;chicks;2;1800
2021;FamAP_2021;2;twopieces;Fire-Paul;Fire;Paul;2;0;0;big;parent-daughter;2;1800
2021;FamAP_2021;2;twopieces;Fire-Water;Fire;Water;0;0;0;big;chicks;2;1800
2021;FamAP_2021;2;twopieces;Paul-Water;Paul;Water;2;0;0;big;parent-son;2;1800
2021;FamBM_2021;2;twopieces;Bobby-Cobain;Bobby;Cobain;0;0;0;small;parent-son;2;1800
2021;FamBM_2021;2;twopieces;Bobby-Hendrix;Bobby;Hendrix;0;0;0;small;parent-son;2;1800
2021;FamBM_2021;2;twopieces;Bobby-Moritz;Bobby;Moritz;0;0;0;small;parents;2;1800
2021;FamBM_2021;2;twopieces;Cobain-Hendrix;Cobain;Hendrix;0;0;0;small;chicks;2;1800
2021;FamBM_2021;2;twopieces;Cobain-Moritz;Cobain;Moritz;0;0;0;small;parent-son;2;1800
2021;FamBM_2021;2;twopieces;Hendrix-Moritz;Hendrix;Moritz;0;0;0;small;parent-son;2;1800
2021;FamMR_2021;2;twopieces;Auguste-Garance;Auguste;Garance;1;2;0;big;chicks;2;1800
2021;FamMR_2021;2;twopieces;Auguste-Hippolyte;Auguste;Hippolyte;2;1;1;big;chicks;2;1800
2021;FamMR_2021;2;twopieces;Auguste-Munia;Auguste;Munia;0;0;0;big;parent-daughter;2;1800
2021;FamMR_2021;2;twopieces;Auguste-Rufus;Auguste;Rufus;3;2;0;big;parent-daughter;2;1800
2021;FamMR_2021;2;twopieces;Garance-Hippolyte;Garance;Hippolyte;0;0;0;big;chicks;2;1800
2021;FamMR_2021;2;twopieces;Garance-Munia;Garance;Munia;3;4;0;big;parent-son;2;1800
2021;FamMR_2021;2;twopieces;Garance-Rufus;Garance;Rufus;5;1;0;big;parent-son;2;1800
2021;FamMR_2021;2;twopieces;Hippolyte-Munia;Hippolyte;Munia;0;1;0;big;parent-son;2;1800
2021;FamMR_2021;2;twopieces;Hippolyte-Rufus;Hippolyte;Rufus;2;1;0;big;parent-son;2;1800
2021;FamMR_2021;2;twopieces;Munia-Rufus;Munia;Rufus;3;4;1;big;parents;2;1800
2019;FamHT_2019;3;twopieces;Cleo-Genghis;Cleo;Genghis;0;0;0;big;chicks;2;1800
2019;FamHT_2019;3;twopieces;Cleo-Heidi;Cleo;Heidi;10;3;3;big;parent-daughter;2;1800
2019;FamHT_2019;3;twopieces;Cleo-Tom;Cleo;Tom;9;0;3;big;parent-daughter;2;1800
2019;FamHT_2019;3;twopieces;Cleo-Xerxes;Cleo;Xerxes;0;2;2;big;chicks;2;1800
2019;FamHT_2019;3;twopieces;Genghis-Heidi;Genghis;Heidi;9;0;4;big;parent-son;2;1800
2019;FamHT_2019;3;twopieces;Genghis-Tom;Genghis;Tom;4;1;0;big;parent-son;2;1800
2019;FamHT_2019;3;twopieces;Genghis-Xerxes;Genghis;Xerxes;0;0;0;big;chicks;2;1800
2019;FamHT_2019;3;twopieces;Heidi-Tom;Heidi;Tom;1;0;0;big;parents;2;1800
2019;FamHT_2019;3;twopieces;Heidi-Xerxes;Heidi;Xerxes;6;1;3;big;parent-son;2;1800
2019;FamHT_2019;3;twopieces;Tom-Xerxes;Tom;Xerxes;5;0;0;big;parent-son;2;1800
2019;FamJR_2019;3;twopieces;Hamlet-Joey;Hamlet;Joey;0;4;0;big;parent-son;2;1800
2019;FamJR_2019;3;twopieces;Hamlet-Juliet;Hamlet;Juliet;1;1;1;big;chicks;2;1800
2019;FamJR_2019;3;twopieces;Hamlet-Othello;Hamlet;Othello;8;1;1;big;chicks;2;1800
2019;FamJR_2019;3;twopieces;Hamlet-Rocky;Hamlet;Rocky;0;0;0;big;parent-son;2;1800
2019;FamJR_2019;3;twopieces;Joey-Juliet;Joey;Juliet;0;0;0;big;parent-daughter;2;1800
2019;FamJR_2019;3;twopieces;Joey-Othello;Joey;Othello;0;2;0;big;parent-son;2;1800
2019;FamJR_2019;3;twopieces;Joey-Rocky;Joey;Rocky;1;1;0;big;parents;2;1800
2019;FamJR_2019;3;twopieces;Juliet-Othello;Juliet;Othello;6;0;3;big;chicks;2;1800
2019;FamJR_2019;3;twopieces;Juliet-Rocky;Juliet;Rocky;0;0;0;big;parent-daughter;2;1800
2019;FamJR_2019;3;twopieces;Othello-Rocky;Othello;Rocky;0;0;0;big;parent-son;2;1800
2019;FamMA_2019;3;twopieces;Arthus-Martha;Arthus;Martha;0;0;0;small;parents;1;900
2019;FamMA_2019;3;twopieces;Arthus-Summer;Arthus;Summer;0;0;0;small;parent-daughter;1;900
2019;FamMA_2019;3;twopieces;Arthus-Winter;Arthus;Winter;0;0;0;small;parent-daughter;1;900
2019;FamMA_2019;3;twopieces;Martha-Summer;Martha;Summer;0;0;0;small;parent-daughter;1;900
2019;FamMA_2019;3;twopieces;Martha-Winter;Martha;Winter;0;3;1;small;parent-daughter;1;900
2019;FamMA_2019;3;twopieces;Summer-Winter;Summer;Winter;0;0;0;small;chicks;1;900
2019;FamML_2019;3;twopieces;Ganymed-Io;Ganymed;Io;1;0;1;big;chicks;2;1800
2019;FamML_2019;3;twopieces;Ganymed-Kallisto;Ganymed;Kallisto;0;0;0;big;chicks;2;1800
2019;FamML_2019;3;twopieces;Ganymed-Lellan;Ganymed;Lellan;7;0;1;big;parent-daughter;2;1800
2019;FamML_2019;3;twopieces;Ganymed-Matte;Ganymed;Matte;3;0;0;big;parent-daughter;2;1800
2019;FamML_2019;3;twopieces;Io-Kallisto;Io;Kallisto;0;0;0;big;chicks;2;1800
2019;FamML_2019;3;twopieces;Io-Lellan;Io;Lellan;0;0;1;big;parent-daughter;2;1800
2019;FamML_2019;3;twopieces;Io-Matte;Io;Matte;1;0;0;big;parent-daughter;2;1800
2019;FamML_2019;3;twopieces;Kallisto-Lellan;Kallisto;Lellan;0;0;0;big;parent-son;2;1800
2019;FamML_2019;3;twopieces;Kallisto-Matte;Kallisto;Matte;1;0;0;big;parent-son;2;1800
2019;FamML_2019;3;twopieces;Lellan-Matte;Lellan;Matte;1;0;0;big;parents;2;1800
2019;FamMR_2019;3;twopieces;Munia-Rufus;Munia;Rufus;0;0;0;small;parents;2;1800
2019;FamMR_2019;3;twopieces;Munia-Toma;Munia;Toma;8;1;2;small;parent-son;2;1800
2019;FamMR_2019;3;twopieces;Rufus-Toma;Rufus;Toma;26;0;0;small;parent-son;2;1800
2019;FamNG_2019;3;twopieces;George-Hazel;George;Hazel;0;0;0;small;parent-daughter;2;1800
2019;FamNG_2019;3;twopieces;George-Hickory;George;Hickory;0;2;0;small;parent-daughter;2;1800
2019;FamNG_2019;3;twopieces;George-Nobel;George;Nobel;0;0;0;small;parents;2;1800
2019;FamNG_2019;3;twopieces;Hazel-Hickory;Hazel;Hickory;3;9;4;small;chicks;2;1800
2019;FamNG_2019;3;twopieces;Hazel-Nobel;Hazel;Nobel;2;4;0;small;parent-daughter;2;1800
2019;FamNG_2019;3;twopieces;Hickory-Nobel;Hickory;Nobel;2;8;0;small;parent-daughter;2;1800
2020;FamAP_2020;3;twopieces;Aramis-Eragon;Aramis;Eragon;10;0;0;small;parent-son;2;1800
2020;FamAP_2020;3;twopieces;Aramis-Paul;Aramis;Paul;1;0;0;small;parents;2;1800
2020;FamAP_2020;3;twopieces;Aramis-Saphira;Aramis;Saphira;5;1;0;small;parent-son;2;1800
2020;FamAP_2020;3;twopieces;Eragon-Paul;Eragon;Paul;1;1;0;small;parent-son;2;1800
2020;FamAP_2020;3;twopieces;Eragon-Saphira;Eragon;Saphira;0;0;0;small;chicks;2;1800
2020;FamAP_2020;3;twopieces;Paul-Saphira;Paul;Saphira;1;1;0;small;parent-son;2;1800
2020;FamHT_2020;3;twopieces;Heidi-Tango;Heidi;Tango;9;3;1;small;parent-daughter;2;1800
2020;FamHT_2020;3;twopieces;Heidi-Tom;Heidi;Tom;0;1;0;small;parents;2;1800
2020;FamHT_2020;3;twopieces;Tango-Tom;Tango;Tom;2;4;0;small;parent-daughter;2;1800
2020;FamJR_2020;3;twopieces;Ebony-Joey;Ebony;Joey;6;6;3;small;parent-son;2;1800
2020;FamJR_2020;3;twopieces;Ebony-Rocky;Ebony;Rocky;22;4;0;small;parent-son;2;1800
2020;FamJR_2020;3;twopieces;Joey-Rocky;Joey;Rocky;0;0;0;small;parents;2;1800
2020;FamMA_2020;3;twopieces;Arthus-Cirrus;Arthus;Cirrus;5;0;0;big;parent-daughter;2;1800
2020;FamMA_2020;3;twopieces;Arthus-Cumulus;Arthus;Cumulus;1;0;0;big;parent-son;2;1800
2020;FamMA_2020;3;twopieces;Arthus-Martha;Arthus;Martha;0;4;0;big;parents;2;1800
2020;FamMA_2020;3;twopieces;Arthus-Nimbus;Arthus;Nimbus;2;1;0;big;parent-son;2;1800
2020;FamMA_2020;3;twopieces;Cirrus-Cumulus;Cirrus;Cumulus;0;1;0;big;chicks;2;1800
2020;FamMA_2020;3;twopieces;Cirrus-Martha;Cirrus;Martha;2;2;3;big;parent-daughter;2;1800
2020;FamMA_2020;3;twopieces;Cirrus-Nimbus;Cirrus;Nimbus;0;1;0;big;chicks;2;1800
2020;FamMA_2020;3;twopieces;Cumulus-Martha;Cumulus;Martha;5;0;3;big;parent-son;2;1800
2020;FamMA_2020;3;twopieces;Cumulus-Nimbus;Cumulus;Nimbus;0;2;0;big;chicks;2;1800
2020;FamMA_2020;3;twopieces;Martha-Nimbus;Martha;Nimbus;2;3;0;big;parent-son;2;1800
2020;FamMR_2020;3;twopieces;Asakusa-Ginza;Asakusa;Ginza;6;1;1;big;chicks;2;1800
2020;FamMR_2020;3;twopieces;Asakusa-Munia;Asakusa;Munia;0;0;0;big;parent-son;2;1800
2020;FamMR_2020;3;twopieces;Asakusa-Rufus;Asakusa;Rufus;1;2;0;big;parent-son;2;1800
2020;FamMR_2020;3;twopieces;Asakusa-Shiba;Asakusa;Shiba;5;0;0;big;chicks;2;1800
2020;FamMR_2020;3;twopieces;Asakusa-Ueno;Asakusa;Ueno;3;0;0;big;chicks;2;1800
2020;FamMR_2020;3;twopieces;Ginza-Munia;Ginza;Munia;0;1;0;big;parent-son;2;1800
2020;FamMR_2020;3;twopieces;Ginza-Rufus;Ginza;Rufus;3;4;3;big;parent-son;2;1800
2020;FamMR_2020;3;twopieces;Ginza-Shiba;Ginza;Shiba;5;0;2;big;chicks;2;1800
2020;FamMR_2020;3;twopieces;Ginza-Ueno;Ginza;Ueno;10;1;2;big;chicks;2;1800
2020;FamMR_2020;3;twopieces;Munia-Rufus;Munia;Rufus;1;0;0;big;parents;2;1800
2020;FamMR_2020;3;twopieces;Munia-Shiba;Munia;Shiba;1;0;0;big;parent-daughter;2;1800
2020;FamMR_2020;3;twopieces;Munia-Ueno;Munia;Ueno;0;0;1;big;parent-son;2;1800
2020;FamMR_2020;3;twopieces;Rufus-Shiba;Rufus;Shiba;1;0;0;big;parent-daughter;2;1800
2020;FamMR_2020;3;twopieces;Rufus-Ueno;Rufus;Ueno;0;2;0;big;parent-son;2;1800
2020;FamMR_2020;3;twopieces;Shiba-Ueno;Shiba;Ueno;0;0;0;big;chicks;2;1800
2020;FamNG_2020;3;twopieces;George-Maple;George;Maple;1;0;0;small;parent-daughter;2;1800
2020;FamNG_2020;3;twopieces;George-Nobel;George;Nobel;2;6;0;small;parents;2;1800
2020;FamNG_2020;3;twopieces;George-Oak;George;Oak;0;0;0;small;parent-son;2;1800
2020;FamNG_2020;3;twopieces;Maple-Nobel;Maple;Nobel;1;3;0;small;parent-daughter;2;1800
2020;FamNG_2020;3;twopieces;Maple-Oak;Maple;Oak;42;14;7;small;chicks;2;1800
2020;FamNG_2020;3;twopieces;Nobel-Oak;Nobel;Oak;0;0;0;small;parent-son;2;1800
2021;FamAP_2021;3;twopieces;Aramis-Earth;Aramis;Earth;7;0;0;big;parent-daughter;2;1800
2021;FamAP_2021;3;twopieces;Aramis-Fire;Aramis;Fire;10;0;0;big;parent-daughter;2;1800
2021;FamAP_2021;3;twopieces;Aramis-Paul;Aramis;Paul;1;5;0;big;parents;2;1800
2021;FamAP_2021;3;twopieces;Aramis-Water;Aramis;Water;5;0;0;big;parent-son;2;1800
2021;FamAP_2021;3;twopieces;Earth-Fire;Earth;Fire;0;6;0;big;chicks;2;1800
2021;FamAP_2021;3;twopieces;Earth-Paul;Earth;Paul;0;0;0;big;parent-daughter;2;1800
2021;FamAP_2021;3;twopieces;Earth-Water;Earth;Water;0;8;0;big;chicks;2;1800
2021;FamAP_2021;3;twopieces;Fire-Paul;Fire;Paul;0;0;0;big;parent-daughter;2;1800
2021;FamAP_2021;3;twopieces;Fire-Water;Fire;Water;0;7;0;big;chicks;2;1800
2021;FamAP_2021;3;twopieces;Paul-Water;Paul;Water;1;0;0;big;parent-son;2;1800
2021;FamBM_2021;3;twopieces;Bobby-Cobain;Bobby;Cobain;1;4;2;small;parent-son;2;1800
2021;FamBM_2021;3;twopieces;Bobby-Hendrix;Bobby;Hendrix;0;1;0;small;parent-son;2;1800
2021;FamBM_2021;3;twopieces;Bobby-Moritz;Bobby;Moritz;0;2;0;small;parents;2;1800
2021;FamBM_2021;3;twopieces;Cobain-Hendrix;Cobain;Hendrix;0;1;1;small;chicks;2;1800
2021;FamBM_2021;3;twopieces;Cobain-Moritz;Cobain;Moritz;1;0;1;small;parent-son;2;1800
2021;FamBM_2021;3;twopieces;Hendrix-Moritz;Hendrix;Moritz;0;0;0;small;parent-son;2;1800
2021;FamMR_2021;3;twopieces;Auguste-Garance;Auguste;Garance;0;0;0;big;chicks;2;1800
2021;FamMR_2021;3;twopieces;Auguste-Hippolyte;Auguste;Hippolyte;3;0;0;big;chicks;2;1800
2021;FamMR_2021;3;twopieces;Auguste-Munia;Auguste;Munia;0;0;0;big;parent-daughter;2;1800
2021;FamMR_2021;3;twopieces;Auguste-Rufus;Auguste;Rufus;1;0;0;big;parent-daughter;2;1800
2021;FamMR_2021;3;twopieces;Garance-Hippolyte;Garance;Hippolyte;0;0;0;big;chicks;2;1800
2021;FamMR_2021;3;twopieces;Garance-Munia;Garance;Munia;1;2;0;big;parent-son;2;1800
2021;FamMR_2021;3;twopieces;Garance-Rufus;Garance;Rufus;0;0;0;big;parent-son;2;1800
2021;FamMR_2021;3;twopieces;Hippolyte-Munia;Hippolyte;Munia;0;2;0;big;parent-son;2;1800
2021;FamMR_2021;3;twopieces;Hippolyte-Rufus;Hippolyte;Rufus;0;0;0;big;parent-son;2;1800
2021;FamMR_2021;3;twopieces;Munia-Rufus;Munia;Rufus;1;0;0;big;parents;2;1800